=== PAGE 0 MATCHING LOG ===
Image: 745x1200
CC#0000 NEW    pos=(1,0) 4x12 trim_off=(0,0) → new proto#0 4x12
CC#0001 NEW    pos=(2,12) 2x4 trim_off=(0,0) → new proto#1 2x4
CC#0002 EXACT  pos=(4,2) 2x4 → proto#1 2x4
CC#0003 NEW    pos=(76,124) 7x11 trim_off=(0,0) → new proto#2 7x11
CC#0004 NEW    pos=(84,124) 7x11 trim_off=(0,0) → new proto#3 7x11
CC#0005 NEW    pos=(92,124) 7x11 trim_off=(0,0) → new proto#4 7x11
CC#0006 NEW    pos=(100,123) 6x12 trim_off=(0,0) → new proto#5 6x12
CC#0007 NEW    pos=(107,122) 6x17 trim_off=(0,0) → new proto#6 6x17
CC#0008 NEW    pos=(121,122) 32x13 trim_off=(0,0) → new proto#7 32x13
CC#0009 NEW    pos=(161,123) 10x12 trim_off=(0,0) → new proto#8 10x12
CC#0010 NEW    pos=(172,122) 6x12 trim_off=(0,0) → new proto#9 6x12
CC#0011 NEW    pos=(178,122) 10x12 trim_off=(0,0) → new proto#10 10x12
CC#0012 NEW    pos=(189,122) 21x12 trim_off=(0,0) → new proto#11 21x12
CC#0013 NEW    pos=(218,122) 10x12 trim_off=(0,0) → new proto#12 10x12
CC#0014 NEW    pos=(228,122) 10x12 trim_off=(0,0) → new proto#13 10x12
CC#0015 NEW    pos=(245,122) 12x12 trim_off=(0,0) → new proto#14 12x12
CC#0016 NEW    pos=(264,122) 31x13 trim_off=(0,0) → new proto#15 31x13
CC#0017 NEW    pos=(294,121) 20x13 trim_off=(0,0) → new proto#16 20x13
CC#0018 NEW    pos=(313,121) 12x14 trim_off=(0,0) → new proto#17 12x14
CC#0019 NEW    pos=(332,121) 21x14 trim_off=(0,0) → new proto#18 21x14
CC#0020 NEW    pos=(359,120) 23x14 trim_off=(0,0) → new proto#19 23x14
CC#0021 NEW    pos=(382,121) 22x12 trim_off=(0,0) → new proto#20 22x12
CC#0022 NEW    pos=(404,121) 11x13 trim_off=(0,0) → new proto#21 11x13
CC#0023 NEW    pos=(415,121) 10x12 trim_off=(0,0) → new proto#22 10x12
CC#0024 NEW    pos=(433,121) 9x12 trim_off=(0,0) → new proto#23 9x12
CC#0025 NEW    pos=(443,120) 11x13 trim_off=(0,0) → new proto#24 11x13
CC#0026 NEW    pos=(449,97) 2x3 trim_off=(0,0) → new proto#25 2x3
CC#0027 NEW    pos=(454,121) 28x13 trim_off=(0,0) → new proto#26 28x13
CC#0028 NEW    pos=(490,121) 20x12 trim_off=(0,0) → new proto#27 20x12
CC#0029 NEW    pos=(510,121) 88x14 trim_off=(0,0) → new proto#28 88x14
CC#0030 NEW    pos=(613,123) 9x15 trim_off=(0,0) → new proto#29 9x15
CC#0031 NEW    pos=(623,122) 9x16 trim_off=(0,0) → new proto#30 9x16
CC#0032 NEW    pos=(106,162) 9x16 trim_off=(0,0) → new proto#31 9x16
CC#0033 NEW    pos=(140,162) 11x15 trim_off=(0,0) → new proto#32 11x15
CC#0034 NEW    pos=(152,162) 4x4 trim_off=(0,0) → new proto#33 4x4
CC#0035 NEW    pos=(246,162) 22x16 trim_off=(0,0) → new proto#34 22x16
CC#0036 NEW    pos=(267,161) 19x18 trim_off=(0,0) → new proto#35 19x18
CC#0037 NEW    pos=(291,160) 31x18 trim_off=(0,0) → new proto#36 31x18
CC#0038 NEW    pos=(374,161) 11x15 trim_off=(0,0) → new proto#37 11x15
CC#0039 NEW    pos=(401,160) 8x16 trim_off=(0,0) → new proto#38 8x16
CC#0040 NEW    pos=(409,163) 16x13 trim_off=(0,0) → new proto#39 16x13
CC#0041 NEW    pos=(441,160) 9x16 trim_off=(0,0) → new proto#40 9x16
CC#0042 NEW    pos=(460,161) 10x15 trim_off=(0,0) → new proto#41 10x15
CC#0043 NEW    pos=(575,161) 10x16 trim_off=(0,0) → new proto#42 10x16
CC#0044 NEW    pos=(587,162) 4x4 trim_off=(0,0) → new proto#43 4x4
CC#0045 LOSSY  pos=(592,161) 10x16 → proto#42 10x16 err=7 dx=0 dy=0
CC#0046 NEW    pos=(598,131) 3x4 trim_off=(0,0) → new proto#44 3x4
CC#0047 NEW    pos=(611,163) 7x14 trim_off=(0,0) → new proto#45 7x14
CC#0048 NEW    pos=(75,192) 11x10 trim_off=(0,0) → new proto#46 11x10
CC#0049 NEW    pos=(87,192) 10x11 trim_off=(0,0) → new proto#47 10x11
CC#0050 NEW    pos=(107,192) 18x10 trim_off=(0,0) → new proto#48 18x10
CC#0051 NEW    pos=(115,167) 11x10 trim_off=(0,0) → new proto#49 11x10
CC#0052 NEW    pos=(124,192) 11x16 trim_off=(0,0) → new proto#50 11x16
CC#0053 NEW    pos=(133,164) 7x13 trim_off=(0,0) → new proto#51 7x13
CC#0054 NEW    pos=(136,192) 4x10 trim_off=(0,0) → new proto#52 4x10
CC#0055 NEW    pos=(140,192) 5x10 trim_off=(0,0) → new proto#53 5x10
CC#0056 NEW    pos=(147,192) 15x10 trim_off=(0,0) → new proto#54 15x10
CC#0057 NEW    pos=(151,167) 5x10 trim_off=(0,0) → new proto#55 5x10
CC#0058 NEW    pos=(157,167) 7x10 trim_off=(0,0) → new proto#56 7x10
CC#0059 NEW    pos=(163,192) 9x10 trim_off=(0,0) → new proto#57 9x10
CC#0060 NEW    pos=(171,167) 18x11 trim_off=(0,0) → new proto#58 18x11
CC#0061 NEW    pos=(172,192) 11x10 trim_off=(0,0) → new proto#59 11x10
CC#0062 LOSSY  pos=(183,188) 7x14 → proto#45 7x14 err=3 dx=0 dy=0
CC#0063 NEW    pos=(189,167) 12x10 trim_off=(0,0) → new proto#60 12x10
CC#0064 NEW    pos=(197,192) 10x10 trim_off=(0,0) → new proto#61 10x10
CC#0065 NEW    pos=(201,167) 10x11 trim_off=(0,0) → new proto#62 10x11
CC#0066 NEW    pos=(207,191) 9x11 trim_off=(0,0) → new proto#63 9x11
CC#0067 NEW    pos=(211,167) 29x15 trim_off=(0,0) → new proto#64 29x15
CC#0068 NEW    pos=(226,191) 9x12 trim_off=(0,0) → new proto#65 9x12
CC#0069 NEW    pos=(235,191) 12x16 trim_off=(0,0) → new proto#66 12x16
CC#0070 NEW    pos=(246,185) 36x22 trim_off=(0,0) → new proto#67 36x22
CC#0071 NEW    pos=(289,190) 9x11 trim_off=(0,0) → new proto#68 9x11
CC#0072 NEW    pos=(298,185) 9x16 trim_off=(0,0) → new proto#69 9x16
CC#0073 NEW    pos=(317,190) 16x10 trim_off=(0,0) → new proto#70 16x10
CC#0074 NEW    pos=(320,166) 11x12 trim_off=(0,0) → new proto#71 11x12
CC#0075 NEW    pos=(329,166) 18x11 trim_off=(0,0) → new proto#72 18x11
CC#0076 NEW    pos=(334,190) 17x10 trim_off=(0,0) → new proto#73 17x10
CC#0077 NEW    pos=(335,185) 4x4 trim_off=(0,0) → new proto#74 4x4
CC#0078 NEW    pos=(351,190) 9x11 trim_off=(0,0) → new proto#75 9x11
CC#0079 NEW    pos=(354,166) 21x11 trim_off=(0,0) → new proto#76 21x11
CC#0080 NEW    pos=(367,190) 15x10 trim_off=(0,0) → new proto#77 15x10
CC#0081 NEW    pos=(382,190) 16x11 trim_off=(0,0) → new proto#78 16x11
CC#0082 NEW    pos=(391,166) 10x10 trim_off=(0,0) → new proto#79 10x10
CC#0083 NEW    pos=(410,185) 16x16 trim_off=(0,0) → new proto#80 16x16
CC#0084 EXACT  pos=(422,185) 3x4 → proto#44 3x4
CC#0085 NEW    pos=(426,166) 9x10 trim_off=(0,0) → new proto#81 9x10
CC#0086 NEW    pos=(426,190) 17x10 trim_off=(0,0) → new proto#82 17x10
CC#0087 NEW    pos=(444,190) 8x11 trim_off=(0,0) → new proto#83 8x11
CC#0088 NEW    pos=(453,187) 6x13 trim_off=(0,0) → new proto#84 6x13
CC#0089 NEW    pos=(460,190) 8x10 trim_off=(0,0) → new proto#85 8x10
CC#0090 NEW    pos=(469,185) 11x16 trim_off=(0,0) → new proto#86 11x16
CC#0091 NEW    pos=(471,166) 43x10 trim_off=(0,0) → new proto#87 43x10
CC#0092 NEW    pos=(491,190) 29x16 trim_off=(0,0) → new proto#88 29x16
CC#0093 NEW    pos=(515,166) 9x10 trim_off=(0,0) → new proto#89 9x10
CC#0094 NEW    pos=(520,191) 6x9 trim_off=(0,0) → new proto#90 6x9
CC#0095 EXACT  pos=(521,185) 4x4 → proto#74 4x4
CC#0096 NEW    pos=(526,190) 11x10 trim_off=(0,0) → new proto#91 11x10
CC#0097 NEW    pos=(530,166) 9x10 trim_off=(0,0) → new proto#92 9x10
CC#0098 NEW    pos=(537,190) 8x11 trim_off=(0,0) → new proto#93 8x11
CC#0099 NEW    pos=(545,187) 7x14 trim_off=(0,0) → new proto#94 7x14
CC#0100 NEW    pos=(546,166) 29x11 trim_off=(0,0) → new proto#95 29x11
CC#0101 NEW    pos=(562,185) 18x16 trim_off=(0,0) → new proto#96 18x16
CC#0102 NEW    pos=(580,191) 9x10 trim_off=(0,0) → new proto#97 9x10
CC#0103 NEW    pos=(586,167) 5x10 trim_off=(0,0) → new proto#98 5x10
CC#0104 NEW    pos=(599,191) 12x15 trim_off=(0,0) → new proto#99 12x15
CC#0105 NEW    pos=(603,167) 9x10 trim_off=(0,0) → new proto#100 9x10
CC#0106 NEW    pos=(612,191) 8x11 trim_off=(0,0) → new proto#101 8x11
CC#0107 NEW    pos=(619,167) 8x11 trim_off=(0,0) → new proto#102 8x11
CC#0108 NEW    pos=(620,191) 13x10 trim_off=(0,0) → new proto#103 13x10
CC#0109 NEW    pos=(628,174) 4x8 trim_off=(0,0) → new proto#104 4x8
CC#0110 NEW    pos=(75,216) 11x16 trim_off=(0,0) → new proto#105 11x16
CC#0111 NEW    pos=(87,216) 8x11 trim_off=(0,0) → new proto#106 8x11
CC#0112 NEW    pos=(96,213) 6x14 trim_off=(0,0) → new proto#107 6x14
CC#0113 NEW    pos=(103,216) 11x11 trim_off=(0,0) → new proto#108 11x11
CC#0114 NEW    pos=(115,216) 8x11 trim_off=(0,0) → new proto#109 8x11
CC#0115 NEW    pos=(124,214) 6x13 trim_off=(0,0) → new proto#110 6x13
CC#0116 NEW    pos=(131,211) 3x4 trim_off=(0,0) → new proto#111 3x4
CC#0117 NEW    pos=(131,217) 4x9 trim_off=(0,0) → new proto#112 4x9
CC#0118 NEW    pos=(136,217) 9x9 trim_off=(0,0) → new proto#113 9x9
CC#0119 NEW    pos=(146,216) 11x10 trim_off=(0,0) → new proto#114 11x10
CC#0120 NEW    pos=(164,216) 9x10 trim_off=(0,0) → new proto#115 9x10
CC#0121 NEW    pos=(174,211) 8x15 trim_off=(0,0) → new proto#116 8x15
CC#0122 NEW    pos=(191,210) 28x16 trim_off=(0,0) → new proto#117 28x16
CC#0123 NEW    pos=(225,210) 17x16 trim_off=(0,0) → new proto#118 17x16
CC#0124 NEW    pos=(242,215) 11x10 trim_off=(0,0) → new proto#119 11x10
CC#0125 NEW    pos=(252,215) 7x10 trim_off=(0,0) → new proto#120 7x10
CC#0126 NEW    pos=(254,210) 4x4 trim_off=(0,0) → new proto#121 4x4
CC#0127 NEW    pos=(259,214) 10x12 trim_off=(0,0) → new proto#122 10x12
CC#0128 NEW    pos=(269,215) 11x10 trim_off=(0,0) → new proto#123 11x10
CC#0129 NEW    pos=(281,222) 4x4 trim_off=(0,0) → new proto#124 4x4
CC#0130 NEW    pos=(306,209) 14x16 trim_off=(0,0) → new proto#125 14x16
CC#0131 NEW    pos=(321,215) 9x10 trim_off=(0,0) → new proto#126 9x10
CC#0132 NEW    pos=(330,209) 5x16 trim_off=(0,0) → new proto#127 5x16
CC#0133 NEW    pos=(336,214) 5x11 trim_off=(0,0) → new proto#128 5x11
CC#0134 NEW    pos=(337,209) 3x4 trim_off=(0,0) → new proto#129 3x4
CC#0135 NEW    pos=(342,214) 9x11 trim_off=(0,0) → new proto#130 9x11
CC#0136 NEW    pos=(351,215) 16x10 trim_off=(0,0) → new proto#131 16x10
CC#0137 NEW    pos=(362,209) 4x4 trim_off=(0,0) → new proto#132 4x4
CC#0138 NEW    pos=(368,214) 9x11 trim_off=(0,0) → new proto#133 9x11
CC#0139 NEW    pos=(378,215) 12x16 trim_off=(0,0) → new proto#134 12x16
CC#0140 NEW    pos=(390,221) 4x8 trim_off=(0,0) → new proto#135 4x8
CC#0141 NEW    pos=(402,209) 11x16 trim_off=(0,0) → new proto#136 11x16
CC#0142 NEW    pos=(414,214) 9x11 trim_off=(0,0) → new proto#137 9x11
CC#0143 NEW    pos=(423,215) 15x10 trim_off=(0,0) → new proto#138 15x10
CC#0144 NEW    pos=(438,214) 9x11 trim_off=(0,0) → new proto#139 9x11
CC#0145 NEW    pos=(447,215) 11x10 trim_off=(0,0) → new proto#140 11x10
CC#0146 NEW    pos=(458,215) 9x10 trim_off=(0,0) → new proto#141 9x10
CC#0147 NEW    pos=(468,215) 8x10 trim_off=(0,0) → new proto#142 8x10
CC#0148 NEW    pos=(476,221) 4x8 trim_off=(0,0) → new proto#143 4x8
CC#0149 NEW    pos=(487,211) 7x14 trim_off=(0,0) → new proto#144 7x14
CC#0150 NEW    pos=(494,209) 11x16 trim_off=(0,0) → new proto#145 11x16
CC#0151 NEW    pos=(506,215) 9x10 trim_off=(0,0) → new proto#146 9x10
CC#0152 NEW    pos=(514,211) 8x14 trim_off=(0,0) → new proto#147 8x14
CC#0153 NEW    pos=(532,211) 6x14 trim_off=(0,0) → new proto#148 6x14
CC#0154 NEW    pos=(539,209) 10x16 trim_off=(0,0) → new proto#149 10x16
CC#0155 NEW    pos=(550,214) 9x11 trim_off=(0,0) → new proto#150 9x11
CC#0156 NEW    pos=(566,215) 7x10 trim_off=(0,0) → new proto#151 7x10
CC#0157 NEW    pos=(573,215) 5x10 trim_off=(0,0) → new proto#152 5x10
CC#0158 NEW    pos=(574,210) 4x3 trim_off=(0,0) → new proto#153 4x3
CC#0159 NEW    pos=(579,215) 30x16 trim_off=(0,0) → new proto#154 30x16
CC#0160 NEW    pos=(586,197) 3x4 trim_off=(0,0) → new proto#155 3x4
CC#0161 NEW    pos=(615,215) 10x11 trim_off=(0,0) → new proto#156 10x11
CC#0162 NEW    pos=(625,210) 8x16 trim_off=(0,0) → new proto#157 8x16
CC#0163 NEW    pos=(75,251) 11x8 trim_off=(0,0) → new proto#158 11x8
CC#0164 NEW    pos=(75,267) 8x12 trim_off=(0,0) → new proto#159 8x12
CC#0165 NEW    pos=(84,271) 7x11 trim_off=(0,0) → new proto#160 7x11
CC#0166 NEW    pos=(86,248) 8x11 trim_off=(0,0) → new proto#161 8x11
CC#0167 NEW    pos=(94,248) 4x11 trim_off=(0,0) → new proto#162 4x11
CC#0168 NEW    pos=(99,251) 6x8 trim_off=(0,0) → new proto#163 6x8
CC#0169 NEW    pos=(99,271) 7x11 trim_off=(0,0) → new proto#164 7x11
CC#0170 NEW    pos=(105,247) 8x12 trim_off=(0,0) → new proto#165 8x12
CC#0171 NEW    pos=(107,271) 7x8 trim_off=(0,0) → new proto#166 7x8
CC#0172 NEW    pos=(114,271) 12x11 trim_off=(0,0) → new proto#167 12x11
CC#0173 NEW    pos=(118,251) 15x12 trim_off=(0,0) → new proto#168 15x12
CC#0174 NEW    pos=(131,269) 5x10 trim_off=(0,0) → new proto#169 5x10
CC#0175 NEW    pos=(134,251) 8x8 trim_off=(0,0) → new proto#170 8x8
CC#0176 NEW    pos=(137,271) 7x8 trim_off=(0,0) → new proto#171 7x8
CC#0177 NEW    pos=(147,251) 7x8 trim_off=(0,0) → new proto#172 7x8
CC#0178 NEW    pos=(152,271) 14x8 trim_off=(0,0) → new proto#173 14x8
CC#0179 NEW    pos=(154,251) 13x8 trim_off=(0,0) → new proto#174 13x8
CC#0180 NEW    pos=(166,267) 4x12 trim_off=(0,0) → new proto#175 4x12
CC#0181 NEW    pos=(171,267) 4x12 trim_off=(0,0) → new proto#176 4x12
CC#0182 NEW    pos=(172,251) 15x9 trim_off=(0,0) → new proto#177 15x9
CC#0183 NEW    pos=(183,270) 12x8 trim_off=(0,0) → new proto#178 12x8
CC#0184 NEW    pos=(187,249) 5x11 trim_off=(0,0) → new proto#179 5x11
CC#0185 NEW    pos=(193,247) 3x3 trim_off=(0,0) → new proto#180 3x3
CC#0186 NEW    pos=(193,251) 4x9 trim_off=(0,0) → new proto#181 4x9
CC#0187 NEW    pos=(194,270) 9x13 trim_off=(0,0) → new proto#182 9x13
CC#0188 NEW    pos=(197,248) 5x12 trim_off=(0,0) → new proto#183 5x12
CC#0189 NEW    pos=(202,246) 23x15 trim_off=(0,0) → new proto#184 23x15
CC#0190 NEW    pos=(208,268) 13x10 trim_off=(0,0) → new proto#185 13x10
CC#0191 NEW    pos=(221,268) 20x10 trim_off=(0,0) → new proto#186 20x10
CC#0192 NEW    pos=(231,246) 7x12 trim_off=(0,0) → new proto#187 7x12
CC#0193 NEW    pos=(241,268) 5x10 trim_off=(0,0) → new proto#188 5x10
CC#0194 NEW    pos=(243,246) 53x12 trim_off=(0,0) → new proto#189 53x12
CC#0195 NEW    pos=(247,266) 3x3 trim_off=(0,0) → new proto#190 3x3
CC#0196 NEW    pos=(247,270) 4x7 trim_off=(0,0) → new proto#191 4x7
CC#0197 NEW    pos=(251,269) 8x9 trim_off=(0,0) → new proto#192 8x9
CC#0198 NEW    pos=(259,269) 8x9 trim_off=(0,0) → new proto#193 8x9
CC#0199 NEW    pos=(269,246) 4x3 trim_off=(0,0) → new proto#194 4x3
CC#0200 NEW    pos=(274,267) 13x11 trim_off=(0,0) → new proto#195 13x11
CC#0201 NEW    pos=(295,269) 16x8 trim_off=(0,0) → new proto#196 16x8
CC#0202 NEW    pos=(301,246) 18x12 trim_off=(0,0) → new proto#197 18x12
CC#0203 NEW    pos=(315,246) 4x3 trim_off=(0,0) → new proto#198 4x3
CC#0204 NEW    pos=(319,265) 23x13 trim_off=(0,0) → new proto#199 23x13
CC#0205 NEW    pos=(320,249) 6x9 trim_off=(0,0) → new proto#200 6x9
CC#0206 NEW    pos=(331,246) 15x12 trim_off=(0,0) → new proto#201 15x12
CC#0207 NEW    pos=(342,269) 7x8 trim_off=(0,0) → new proto#202 7x8
CC#0208 NEW    pos=(346,250) 8x11 trim_off=(0,0) → new proto#203 8x11
CC#0209 NEW    pos=(349,265) 11x12 trim_off=(0,0) → new proto#204 11x12
CC#0210 NEW    pos=(359,246) 14x12 trim_off=(0,0) → new proto#205 14x12
CC#0211 NEW    pos=(369,266) 3x11 trim_off=(0,0) → new proto#206 3x11
CC#0212 NEW    pos=(373,250) 7x8 trim_off=(0,0) → new proto#207 7x8
CC#0213 NEW    pos=(373,269) 8x8 trim_off=(0,0) → new proto#208 8x8
CC#0214 NEW    pos=(385,246) 9x12 trim_off=(0,0) → new proto#209 9x12
CC#0215 NEW    pos=(390,269) 15x9 trim_off=(0,0) → new proto#210 15x9
CC#0216 NEW    pos=(394,247) 9x11 trim_off=(0,0) → new proto#211 9x11
CC#0217 NEW    pos=(406,269) 5x8 trim_off=(0,0) → new proto#212 5x8
CC#0218 NEW    pos=(408,246) 9x12 trim_off=(0,0) → new proto#213 9x12
CC#0219 NEW    pos=(412,269) 10x8 trim_off=(0,0) → new proto#214 10x8
CC#0220 NEW    pos=(417,249) 21x9 trim_off=(0,0) → new proto#215 21x9
CC#0221 NEW    pos=(422,269) 13x8 trim_off=(0,0) → new proto#216 13x8
CC#0222 NEW    pos=(438,249) 8x12 trim_off=(0,0) → new proto#217 8x12
CC#0223 NEW    pos=(444,268) 12x9 trim_off=(0,0) → new proto#218 12x9
CC#0224 NEW    pos=(446,246) 9x12 trim_off=(0,0) → new proto#219 9x12
CC#0225 NEW    pos=(461,247) 3x5 trim_off=(0,0) → new proto#220 3x5
CC#0226 NEW    pos=(465,269) 7x12 trim_off=(0,0) → new proto#221 7x12
CC#0227 NEW    pos=(468,245) 12x12 trim_off=(0,0) → new proto#222 12x12
CC#0228 NEW    pos=(473,269) 7x8 trim_off=(0,0) → new proto#223 7x8
CC#0229 NEW    pos=(480,245) 23x13 trim_off=(0,0) → new proto#224 23x13
CC#0230 NEW    pos=(481,269) 7x8 trim_off=(0,0) → new proto#225 7x8
CC#0231 NEW    pos=(489,269) 6x8 trim_off=(0,0) → new proto#226 6x8
CC#0232 NEW    pos=(502,266) 8x11 trim_off=(0,0) → new proto#227 8x11
CC#0233 NEW    pos=(503,249) 8x12 trim_off=(0,0) → new proto#228 8x12
CC#0234 NEW    pos=(510,266) 14x12 trim_off=(0,0) → new proto#229 14x12
CC#0235 NEW    pos=(516,246) 37x15 trim_off=(0,0) → new proto#230 37x15
CC#0236 NEW    pos=(523,269) 15x9 trim_off=(0,0) → new proto#231 15x9
CC#0237 NEW    pos=(539,269) 13x9 trim_off=(0,0) → new proto#232 13x9
CC#0238 NEW    pos=(542,246) 4x3 trim_off=(0,0) → new proto#233 4x3
CC#0239 NEW    pos=(552,275) 3x6 trim_off=(0,0) → new proto#234 3x6
CC#0240 NEW    pos=(553,248) 5x10 trim_off=(0,0) → new proto#235 5x10
CC#0241 NEW    pos=(558,250) 7x8 trim_off=(0,0) → new proto#236 7x8
CC#0242 NEW    pos=(563,269) 11x8 trim_off=(0,0) → new proto#237 11x8
CC#0243 NEW    pos=(565,250) 7x8 trim_off=(0,0) → new proto#238 7x8
CC#0244 NEW    pos=(571,255) 4x6 trim_off=(0,0) → new proto#239 4x6
CC#0245 NEW    pos=(574,266) 12x12 trim_off=(0,0) → new proto#240 12x12
CC#0246 NEW    pos=(575,246) 4x6 trim_off=(0,0) → new proto#241 4x6
CC#0247 NEW    pos=(584,250) 20x8 trim_off=(0,0) → new proto#242 20x8
CC#0248 NEW    pos=(586,266) 15x12 trim_off=(0,0) → new proto#243 15x12
CC#0249 NEW    pos=(604,250) 6x8 trim_off=(0,0) → new proto#244 6x8
CC#0250 NEW    pos=(609,270) 10x8 trim_off=(0,0) → new proto#245 10x8
CC#0251 NEW    pos=(610,246) 8x12 trim_off=(0,0) → new proto#246 8x12
CC#0252 NEW    pos=(618,247) 15x12 trim_off=(0,0) → new proto#247 15x12
CC#0253 NEW    pos=(620,270) 13x8 trim_off=(0,0) → new proto#248 13x8
CC#0254 NEW    pos=(75,290) 5x12 trim_off=(0,0) → new proto#249 5x12
CC#0255 NEW    pos=(77,287) 3x2 trim_off=(0,0) → new proto#250 3x2
CC#0256 NEW    pos=(81,290) 7x8 trim_off=(0,0) → new proto#251 7x8
CC#0257 NEW    pos=(89,290) 5x8 trim_off=(0,0) → new proto#252 5x8
CC#0258 NEW    pos=(95,288) 5x10 trim_off=(0,0) → new proto#253 5x10
CC#0259 NEW    pos=(99,306) 7x7 trim_off=(0,0) → new proto#254 7x7
CC#0260 NEW    pos=(105,287) 13x11 trim_off=(0,0) → new proto#255 13x11
CC#0261 NEW    pos=(111,306) 6x12 trim_off=(0,0) → new proto#256 6x12
CC#0262 NEW    pos=(122,310) 14x8 trim_off=(0,0) → new proto#257 14x8
CC#0263 NEW    pos=(123,290) 8x8 trim_off=(0,0) → new proto#258 8x8
CC#0264 NEW    pos=(131,286) 4x12 trim_off=(0,0) → new proto#259 4x12
CC#0265 LOSSY  pos=(133,306) 3x3 → proto#190 3x3 err=1 dx=0 dy=0
CC#0266 NEW    pos=(135,286) 5x12 trim_off=(0,0) → new proto#260 5x12
CC#0267 NEW    pos=(137,306) 14x13 trim_off=(0,0) → new proto#261 14x13
CC#0268 NEW    pos=(144,286) 14x12 trim_off=(0,0) → new proto#262 14x12
CC#0269 NEW    pos=(156,306) 7x12 trim_off=(0,0) → new proto#263 7x12
CC#0270 NEW    pos=(159,286) 30x16 trim_off=(0,0) → new proto#264 30x16
CC#0271 NEW    pos=(168,306) 23x13 trim_off=(0,0) → new proto#265 23x13
CC#0272 NEW    pos=(194,289) 14x9 trim_off=(0,0) → new proto#266 14x9
CC#0273 NEW    pos=(196,305) 21x13 trim_off=(0,0) → new proto#267 21x13
CC#0274 NEW    pos=(208,289) 15x9 trim_off=(0,0) → new proto#268 15x9
CC#0275 NEW    pos=(222,306) 4x11 trim_off=(0,0) → new proto#269 4x11
CC#0276 NEW    pos=(227,289) 16x12 trim_off=(0,0) → new proto#270 16x12
CC#0277 NEW    pos=(227,307) 12x10 trim_off=(0,0) → new proto#271 12x10
CC#0278 NEW    pos=(239,307) 12x10 trim_off=(0,0) → new proto#272 12x10
CC#0279 NEW    pos=(243,289) 7x8 trim_off=(0,0) → new proto#273 7x8
CC#0280 NEW    pos=(251,289) 6x8 trim_off=(0,0) → new proto#274 6x8
CC#0281 NEW    pos=(252,309) 6x8 trim_off=(0,0) → new proto#275 6x8
CC#0282 NEW    pos=(262,287) 21x10 trim_off=(0,0) → new proto#276 21x10
CC#0283 NEW    pos=(263,309) 8x11 trim_off=(0,0) → new proto#277 8x11
CC#0284 NEW    pos=(271,309) 7x8 trim_off=(0,0) → new proto#278 7x8
CC#0285 NEW    pos=(279,305) 28x12 trim_off=(0,0) → new proto#279 28x12
CC#0286 NEW    pos=(288,289) 14x8 trim_off=(0,0) → new proto#280 14x8
CC#0287 NEW    pos=(302,289) 12x8 trim_off=(0,0) → new proto#281 12x8
CC#0288 NEW    pos=(312,305) 31x12 trim_off=(0,0) → new proto#282 31x12
CC#0289 NEW    pos=(315,289) 8x11 trim_off=(0,0) → new proto#283 8x11
CC#0290 NEW    pos=(323,285) 8x12 trim_off=(0,0) → new proto#284 8x12
CC#0291 EXACT  pos=(327,285) 4x3 → proto#194 4x3
CC#0292 NEW    pos=(332,289) 11x8 trim_off=(0,0) → new proto#285 11x8
CC#0293 NEW    pos=(344,289) 15x8 trim_off=(0,0) → new proto#286 15x8
CC#0294 NEW    pos=(344,314) 3x6 trim_off=(0,0) → new proto#287 3x6
CC#0295 NEW    pos=(352,305) 14x12 trim_off=(0,0) → new proto#288 14x12
CC#0296 NEW    pos=(359,286) 13x11 trim_off=(0,0) → new proto#289 13x11
CC#0297 NEW    pos=(367,308) 7x9 trim_off=(0,0) → new proto#290 7x9
CC#0298 NEW    pos=(372,289) 14x11 trim_off=(0,0) → new proto#291 14x11
CC#0299 NEW    pos=(374,306) 6x11 trim_off=(0,0) → new proto#292 6x11
CC#0300 NEW    pos=(387,308) 15x12 trim_off=(0,0) → new proto#293 15x12
CC#0301 NEW    pos=(390,286) 37x11 trim_off=(0,0) → new proto#294 37x11
CC#0302 NEW    pos=(403,309) 7x8 trim_off=(0,0) → new proto#295 7x8
CC#0303 NEW    pos=(418,309) 12x8 trim_off=(0,0) → new proto#296 12x8
CC#0304 NEW    pos=(428,294) 3x3 trim_off=(0,0) → new proto#297 3x3
CC#0305 EXACT  pos=(430,305) 4x3 → proto#198 4x3
CC#0306 NEW    pos=(430,309) 4x8 trim_off=(0,0) → new proto#298 4x8
CC#0307 NEW    pos=(435,305) 16x15 trim_off=(0,0) → new proto#299 16x15
CC#0308 NEW    pos=(451,306) 6x10 trim_off=(0,0) → new proto#300 6x10
CC#0309 NEW    pos=(462,308) 16x12 trim_off=(0,0) → new proto#301 16x12
CC#0310 NEW    pos=(478,305) 8x12 trim_off=(0,0) → new proto#302 8x12
CC#0311 NEW    pos=(487,305) 8x12 trim_off=(0,0) → new proto#303 8x12
CC#0312 EXACT  pos=(491,305) 4x3 → proto#233 4x3
CC#0313 NEW    pos=(496,308) 5x8 trim_off=(0,0) → new proto#304 5x8
CC#0314 NEW    pos=(501,305) 9x12 trim_off=(0,0) → new proto#305 9x12
CC#0315 NEW    pos=(518,304) 21x13 trim_off=(0,0) → new proto#306 21x13
CC#0316 NEW    pos=(542,308) 11x8 trim_off=(0,0) → new proto#307 11x8
CC#0317 NEW    pos=(553,305) 8x12 trim_off=(0,0) → new proto#308 8x12
CC#0318 NEW    pos=(562,308) 7x9 trim_off=(0,0) → new proto#309 7x9
CC#0319 NEW    pos=(569,305) 4x12 trim_off=(0,0) → new proto#310 4x12
CC#0320 NEW    pos=(574,309) 7x8 trim_off=(0,0) → new proto#311 7x8
CC#0321 NEW    pos=(585,309) 8x8 trim_off=(0,0) → new proto#312 8x8
CC#0322 NEW    pos=(593,305) 7x12 trim_off=(0,0) → new proto#313 7x12
CC#0323 NEW    pos=(607,307) 5x10 trim_off=(0,0) → new proto#314 5x10
CC#0324 NEW    pos=(612,305) 8x12 trim_off=(0,0) → new proto#315 8x12
CC#0325 NEW    pos=(621,309) 7x8 trim_off=(0,0) → new proto#316 7x8
CC#0326 NEW    pos=(628,307) 5x10 trim_off=(0,0) → new proto#317 5x10
CC#0327 NEW    pos=(75,329) 11x8 trim_off=(0,0) → new proto#318 11x8
CC#0328 NEW    pos=(75,349) 6x8 trim_off=(0,0) → new proto#319 6x8
CC#0329 NEW    pos=(82,349) 14x8 trim_off=(0,0) → new proto#320 14x8
CC#0330 NEW    pos=(86,326) 19x12 trim_off=(0,0) → new proto#321 19x12
CC#0331 NEW    pos=(96,345) 9x12 trim_off=(0,0) → new proto#322 9x12
CC#0332 NEW    pos=(105,326) 8x12 trim_off=(0,0) → new proto#323 8x12
CC#0333 NEW    pos=(110,349) 9x8 trim_off=(0,0) → new proto#324 9x8
CC#0334 NEW    pos=(118,326) 4x11 trim_off=(0,0) → new proto#325 4x11
CC#0335 NEW    pos=(122,345) 8x13 trim_off=(0,0) → new proto#326 8x13
CC#0336 NEW    pos=(123,329) 6x8 trim_off=(0,0) → new proto#327 6x8
CC#0337 NEW    pos=(131,349) 19x9 trim_off=(0,0) → new proto#328 19x9
CC#0338 NEW    pos=(135,329) 16x12 trim_off=(0,0) → new proto#329 16x12
CC#0339 NEW    pos=(150,349) 22x11 trim_off=(0,0) → new proto#330 22x11
CC#0340 NEW    pos=(151,329) 6x9 trim_off=(0,0) → new proto#331 6x9
CC#0341 NEW    pos=(157,326) 8x11 trim_off=(0,0) → new proto#332 8x11
CC#0342 NEW    pos=(166,325) 19x13 trim_off=(0,0) → new proto#333 19x13
CC#0343 NEW    pos=(176,348) 16x9 trim_off=(0,0) → new proto#334 16x9
CC#0344 NEW    pos=(190,327) 13x10 trim_off=(0,0) → new proto#335 13x10
CC#0345 NEW    pos=(200,345) 20x12 trim_off=(0,0) → new proto#336 20x12
CC#0346 NEW    pos=(208,328) 22x9 trim_off=(0,0) → new proto#337 22x9
CC#0347 NEW    pos=(227,348) 8x9 trim_off=(0,0) → new proto#338 8x9
CC#0348 NEW    pos=(231,329) 10x8 trim_off=(0,0) → new proto#339 10x8
CC#0349 NEW    pos=(235,346) 5x11 trim_off=(0,0) → new proto#340 5x11
CC#0350 NEW    pos=(240,346) 24x10 trim_off=(0,0) → new proto#341 24x10
CC#0351 NEW    pos=(241,329) 13x8 trim_off=(0,0) → new proto#342 13x8
CC#0352 NEW    pos=(259,328) 8x8 trim_off=(0,0) → new proto#343 8x8
CC#0353 NEW    pos=(265,346) 13x14 trim_off=(0,0) → new proto#344 13x14
CC#0354 NEW    pos=(272,328) 16x12 trim_off=(0,0) → new proto#345 16x12
CC#0355 NEW    pos=(283,346) 13x10 trim_off=(0,0) → new proto#346 13x10
CC#0356 NEW    pos=(289,328) 21x12 trim_off=(0,0) → new proto#347 21x12
CC#0357 NEW    pos=(302,344) 16x12 trim_off=(0,0) → new proto#348 16x12
CC#0358 NEW    pos=(311,328) 13x8 trim_off=(0,0) → new proto#349 13x8
CC#0359 NEW    pos=(323,348) 16x8 trim_off=(0,0) → new proto#350 16x8
CC#0360 NEW    pos=(324,334) 3x3 trim_off=(0,0) → new proto#351 3x3
CC#0361 NEW    pos=(344,325) 14x11 trim_off=(0,0) → new proto#352 14x11
CC#0362 NEW    pos=(345,348) 18x8 trim_off=(0,0) → new proto#353 18x8
CC#0363 NEW    pos=(363,328) 8x8 trim_off=(0,0) → new proto#354 8x8
CC#0364 NEW    pos=(369,344) 13x12 trim_off=(0,0) → new proto#355 13x12
CC#0365 NEW    pos=(379,328) 15x12 trim_off=(0,0) → new proto#356 15x12
CC#0366 NEW    pos=(383,348) 7x8 trim_off=(0,0) → new proto#357 7x8
CC#0367 NEW    pos=(395,326) 11x10 trim_off=(0,0) → new proto#358 11x10
CC#0368 NEW    pos=(395,344) 7x12 trim_off=(0,0) → new proto#359 7x12
CC#0369 NEW    pos=(403,348) 17x8 trim_off=(0,0) → new proto#360 17x8
CC#0370 NEW    pos=(411,328) 8x8 trim_off=(0,0) → new proto#361 8x8
CC#0371 NEW    pos=(416,344) 3x3 trim_off=(0,0) → new proto#362 3x3
CC#0372 NEW    pos=(419,325) 6x11 trim_off=(0,0) → new proto#363 6x11
CC#0373 NEW    pos=(421,348) 12x8 trim_off=(0,0) → new proto#364 12x8
CC#0374 NEW    pos=(432,327) 5x9 trim_off=(0,0) → new proto#365 5x9
CC#0375 NEW    pos=(438,325) 7x11 trim_off=(0,0) → new proto#366 7x11
CC#0376 NEW    pos=(442,346) 13x10 trim_off=(0,0) → new proto#367 13x10
CC#0377 NEW    pos=(446,328) 7x8 trim_off=(0,0) → new proto#368 7x8
CC#0378 NEW    pos=(458,325) 4x11 trim_off=(0,0) → new proto#369 4x11
CC#0379 NEW    pos=(460,345) 8x11 trim_off=(0,0) → new proto#370 8x11
CC#0380 NEW    pos=(463,326) 30x10 trim_off=(0,0) → new proto#371 30x10
CC#0381 NEW    pos=(469,344) 28x12 trim_off=(0,0) → new proto#372 28x12
CC#0382 NEW    pos=(498,326) 22x10 trim_off=(0,0) → new proto#373 22x10
CC#0383 NEW    pos=(507,348) 7x7 trim_off=(0,0) → new proto#374 7x7
CC#0384 NEW    pos=(515,348) 8x11 trim_off=(0,0) → new proto#375 8x11
CC#0385 NEW    pos=(528,328) 8x11 trim_off=(0,0) → new proto#376 8x11
CC#0386 NEW    pos=(531,348) 7x8 trim_off=(0,0) → new proto#377 7x8
CC#0387 NEW    pos=(537,328) 7x8 trim_off=(0,0) → new proto#378 7x8
CC#0388 NEW    pos=(538,348) 8x8 trim_off=(0,0) → new proto#379 8x8
CC#0389 NEW    pos=(545,325) 8x12 trim_off=(0,0) → new proto#380 8x12
CC#0390 NEW    pos=(547,348) 6x8 trim_off=(0,0) → new proto#381 6x8
CC#0391 NEW    pos=(553,325) 4x11 trim_off=(0,0) → new proto#382 4x11
CC#0392 NEW    pos=(557,325) 4x11 trim_off=(0,0) → new proto#383 4x11
CC#0393 NEW    pos=(561,344) 11x12 trim_off=(0,0) → new proto#384 11x12
CC#0394 NEW    pos=(562,325) 14x11 trim_off=(0,0) → new proto#385 14x11
CC#0395 NEW    pos=(573,348) 7x8 trim_off=(0,0) → new proto#386 7x8
CC#0396 NEW    pos=(576,325) 19x15 trim_off=(0,0) → new proto#387 19x15
CC#0397 EXACT  pos=(581,345) 3x2 → proto#250 3x2
CC#0398 NEW    pos=(581,348) 11x9 trim_off=(0,0) → new proto#388 11x9
CC#0399 NEW    pos=(593,348) 7x8 trim_off=(0,0) → new proto#389 7x8
CC#0400 NEW    pos=(601,325) 5x12 trim_off=(0,0) → new proto#390 5x12
CC#0401 NEW    pos=(601,354) 3x6 trim_off=(0,0) → new proto#391 3x6
CC#0402 NEW    pos=(610,348) 15x9 trim_off=(0,0) → new proto#392 15x9
CC#0403 NEW    pos=(612,329) 8x11 trim_off=(0,0) → new proto#393 8x11
CC#0404 LOSSY  pos=(620,329) 8x8 → proto#379 8x8 err=3 dx=0 dy=0
CC#0405 NEW    pos=(626,345) 8x12 trim_off=(0,0) → new proto#394 8x12
CC#0406 NEW    pos=(628,327) 6x10 trim_off=(0,0) → new proto#395 6x10
CC#0407 NEW    pos=(75,368) 8x12 trim_off=(0,0) → new proto#396 8x12
CC#0408 NEW    pos=(75,384) 21x12 trim_off=(0,0) → new proto#397 21x12
CC#0409 NEW    pos=(84,368) 12x9 trim_off=(0,0) → new proto#398 12x9
CC#0410 NEW    pos=(97,368) 5x9 trim_off=(0,0) → new proto#399 5x9
CC#0411 NEW    pos=(101,388) 8x11 trim_off=(0,0) → new proto#400 8x11
CC#0412 NEW    pos=(103,368) 14x9 trim_off=(0,0) → new proto#401 14x9
CC#0413 NEW    pos=(109,388) 8x8 trim_off=(0,0) → new proto#402 8x8
CC#0414 NEW    pos=(117,385) 9x11 trim_off=(0,0) → new proto#403 9x11
CC#0415 NEW    pos=(118,365) 20x12 trim_off=(0,0) → new proto#404 20x12
CC#0416 NEW    pos=(126,384) 3x12 trim_off=(0,0) → new proto#405 3x12
CC#0417 LOSSY  pos=(130,384) 3x3 → proto#190 3x3 err=1 dx=0 dy=0
CC#0418 NEW    pos=(130,388) 4x8 trim_off=(0,0) → new proto#406 4x8
CC#0419 NEW    pos=(134,388) 14x8 trim_off=(0,0) → new proto#407 14x8
CC#0420 NEW    pos=(143,364) 21x12 trim_off=(0,0) → new proto#408 21x12
CC#0421 NEW    pos=(148,386) 10x10 trim_off=(0,0) → new proto#409 10x10
CC#0422 LOSSY  pos=(154,384) 3x3 → proto#190 3x3 err=1 dx=0 dy=0
CC#0423 NEW    pos=(158,388) 7x8 trim_off=(0,0) → new proto#410 7x8
CC#0424 NEW    pos=(164,368) 13x8 trim_off=(0,0) → new proto#411 13x8
CC#0425 NEW    pos=(166,388) 8x8 trim_off=(0,0) → new proto#412 8x8
CC#0426 NEW    pos=(180,388) 7x8 trim_off=(0,0) → new proto#413 7x8
CC#0427 NEW    pos=(182,368) 8x11 trim_off=(0,0) → new proto#414 8x11
CC#0428 NEW    pos=(187,384) 6x12 trim_off=(0,0) → new proto#415 6x12
CC#0429 NEW    pos=(191,368) 7x8 trim_off=(0,0) → new proto#416 7x8
CC#0430 NEW    pos=(198,365) 4x11 trim_off=(0,0) → new proto#417 4x11
CC#0431 NEW    pos=(198,386) 6x10 trim_off=(0,0) → new proto#418 6x10
CC#0432 NEW    pos=(203,368) 8x8 trim_off=(0,0) → new proto#419 8x8
CC#0433 NEW    pos=(204,384) 15x12 trim_off=(0,0) → new proto#420 15x12
CC#0434 NEW    pos=(211,366) 12x10 trim_off=(0,0) → new proto#421 12x10
CC#0435 NEW    pos=(224,384) 4x11 trim_off=(0,0) → new proto#422 4x11
CC#0436 NEW    pos=(228,364) 4x3 trim_off=(0,0) → new proto#423 4x3
CC#0437 LOSSY  pos=(228,368) 4x8 → proto#406 4x8 err=2 dx=0 dy=0
CC#0438 NEW    pos=(229,387) 7x9 trim_off=(0,0) → new proto#424 7x9
CC#0439 NEW    pos=(233,368) 7x8 trim_off=(0,0) → new proto#425 7x8
CC#0440 NEW    pos=(236,385) 5x11 trim_off=(0,0) → new proto#426 5x11
CC#0441 NEW    pos=(241,385) 5x11 trim_off=(0,0) → new proto#427 5x11
CC#0442 NEW    pos=(245,368) 8x8 trim_off=(0,0) → new proto#428 8x8
CC#0443 NEW    pos=(247,388) 6x8 trim_off=(0,0) → new proto#429 6x8
CC#0444 NEW    pos=(254,388) 6x7 trim_off=(0,0) → new proto#430 6x7
CC#0445 NEW    pos=(258,364) 7x12 trim_off=(0,0) → new proto#431 7x12
CC#0446 NEW    pos=(264,368) 8x8 trim_off=(0,0) → new proto#432 8x8
CC#0447 NEW    pos=(265,384) 23x12 trim_off=(0,0) → new proto#433 23x12
CC#0448 NEW    pos=(272,368) 18x8 trim_off=(0,0) → new proto#434 18x8
CC#0449 NEW    pos=(295,368) 6x8 trim_off=(0,0) → new proto#435 6x8
CC#0450 NEW    pos=(295,385) 12x11 trim_off=(0,0) → new proto#436 12x11
CC#0451 LOSSY  pos=(302,368) 7x8 → proto#377 7x8 err=2 dx=0 dy=0
CC#0452 NEW    pos=(313,384) 15x12 trim_off=(0,0) → new proto#437 15x12
CC#0453 NEW    pos=(315,364) 4x12 trim_off=(0,0) → new proto#438 4x12
CC#0454 NEW    pos=(319,368) 4x8 trim_off=(0,0) → new proto#439 4x8
CC#0455 EXACT  pos=(320,364) 3x3 → proto#180 3x3
CC#0456 NEW    pos=(324,366) 5x9 trim_off=(0,0) → new proto#440 5x9
CC#0457 NEW    pos=(329,366) 5x10 trim_off=(0,0) → new proto#441 5x10
CC#0458 NEW    pos=(333,384) 8x11 trim_off=(0,0) → new proto#442 8x11
CC#0459 LOSSY  pos=(335,364) 4x11 → proto#382 4x11 err=1 dx=0 dy=0
CC#0460 NEW    pos=(339,368) 7x8 trim_off=(0,0) → new proto#443 7x8
CC#0461 NEW    pos=(342,387) 13x8 trim_off=(0,0) → new proto#444 13x8
CC#0462 NEW    pos=(352,368) 13x8 trim_off=(0,0) → new proto#445 13x8
CC#0463 NEW    pos=(355,387) 19x8 trim_off=(0,0) → new proto#446 19x8
CC#0464 NEW    pos=(366,367) 21x12 trim_off=(0,0) → new proto#447 21x12
CC#0465 NEW    pos=(380,387) 7x8 trim_off=(0,0) → new proto#448 7x8
CC#0466 NEW    pos=(388,366) 4x9 trim_off=(0,0) → new proto#449 4x9
CC#0467 NEW    pos=(388,387) 7x8 trim_off=(0,0) → new proto#450 7x8
CC#0468 NEW    pos=(393,368) 7x8 trim_off=(0,0) → new proto#451 7x8
CC#0469 NEW    pos=(395,385) 6x10 trim_off=(0,0) → new proto#452 6x10
CC#0470 NEW    pos=(401,364) 7x12 trim_off=(0,0) → new proto#453 7x12
CC#0471 NEW    pos=(406,384) 14x11 trim_off=(0,0) → new proto#454 14x11
CC#0472 EXACT  pos=(409,364) 4x11 → proto#382 4x11
CC#0473 NEW    pos=(414,368) 6x8 trim_off=(0,0) → new proto#455 6x8
CC#0474 LOSSY  pos=(425,385) 5x10 → proto#253 5x10 err=2 dx=0 dy=0
CC#0475 NEW    pos=(426,365) 13x11 trim_off=(0,0) → new proto#456 13x11
CC#0476 NEW    pos=(430,384) 8x11 trim_off=(0,0) → new proto#457 8x11
CC#0477 NEW    pos=(439,387) 7x8 trim_off=(0,0) → new proto#458 7x8
CC#0478 NEW    pos=(442,365) 5x10 trim_off=(0,0) → new proto#459 5x10
CC#0479 NEW    pos=(446,387) 11x8 trim_off=(0,0) → new proto#460 11x8
CC#0480 NEW    pos=(447,364) 8x11 trim_off=(0,0) → new proto#461 8x11
CC#0481 LOSSY  pos=(456,367) 7x9 → proto#424 7x9 err=3 dx=0 dy=0
CC#0482 LOSSY  pos=(458,392) 3x4 → proto#129 3x4 err=1 dx=0 dy=0
CC#0483 NEW    pos=(468,364) 23x12 trim_off=(0,0) → new proto#462 23x12
CC#0484 NEW    pos=(491,368) 10x7 trim_off=(0,0) → new proto#463 10x7
CC#0485 NEW    pos=(497,364) 3x3 trim_off=(0,0) → new proto#464 3x3
CC#0486 NEW    pos=(502,367) 14x8 trim_off=(0,0) → new proto#465 14x8
CC#0487 NEW    pos=(516,364) 12x12 trim_off=(0,0) → new proto#466 12x12
CC#0488 NEW    pos=(528,368) 8x11 trim_off=(0,0) → new proto#467 8x11
CC#0489 NEW    pos=(542,364) 3x3 trim_off=(0,0) → new proto#468 3x3
CC#0490 NEW    pos=(542,368) 12x8 trim_off=(0,0) → new proto#469 12x8
CC#0491 NEW    pos=(554,368) 8x11 trim_off=(0,0) → new proto#470 8x11
CC#0492 NEW    pos=(562,368) 12x8 trim_off=(0,0) → new proto#471 12x8
CC#0493 EXACT  pos=(571,364) 3x3 → proto#468 3x3
CC#0494 NEW    pos=(575,368) 12x8 trim_off=(0,0) → new proto#472 12x8
CC#0495 NEW    pos=(588,368) 15x11 trim_off=(0,0) → new proto#473 15x11
CC#0496 NEW    pos=(607,366) 5x10 trim_off=(0,0) → new proto#474 5x10
CC#0497 NEW    pos=(612,364) 8x12 trim_off=(0,0) → new proto#475 8x12
CC#0498 NEW    pos=(621,368) 7x8 trim_off=(0,0) → new proto#476 7x8
CC#0499 LOSSY  pos=(628,366) 5x10 → proto#314 5x10 err=2 dx=0 dy=0
CC#0500 NEW    pos=(75,427) 10x8 trim_off=(0,0) → new proto#477 10x8
CC#0501 NEW    pos=(85,423) 4x12 trim_off=(0,0) → new proto#478 4x12
CC#0502 NEW    pos=(90,423) 9x13 trim_off=(0,0) → new proto#479 9x13
CC#0503 NEW    pos=(99,404) 3x6 trim_off=(0,0) → new proto#480 3x6
CC#0504 NEW    pos=(103,404) 3x6 trim_off=(0,0) → new proto#481 3x6
CC#0505 NEW    pos=(104,423) 12x16 trim_off=(0,0) → new proto#482 12x16
CC#0506 NEW    pos=(110,404) 11x12 trim_off=(0,0) → new proto#483 11x12
CC#0507 NEW    pos=(116,427) 14x8 trim_off=(0,0) → new proto#484 14x8
CC#0508 NEW    pos=(121,405) 6x10 trim_off=(0,0) → new proto#485 6x10
CC#0509 NEW    pos=(134,404) 21x11 trim_off=(0,0) → new proto#486 21x11
CC#0510 NEW    pos=(135,427) 8x11 trim_off=(0,0) → new proto#487 8x11
CC#0511 LOSSY  pos=(143,427) 8x8 → proto#432 8x8 err=3 dx=0 dy=0
CC#0512 NEW    pos=(151,427) 8x8 trim_off=(0,0) → new proto#488 8x8
CC#0513 NEW    pos=(163,404) 9x11 trim_off=(0,0) → new proto#489 9x11
CC#0514 NEW    pos=(167,427) 7x8 trim_off=(0,0) → new proto#490 7x8
CC#0515 NEW    pos=(173,404) 14x11 trim_off=(0,0) → new proto#491 14x11
CC#0516 NEW    pos=(182,427) 6x8 trim_off=(0,0) → new proto#492 6x8
CC#0517 NEW    pos=(188,425) 13x10 trim_off=(0,0) → new proto#493 13x10
CC#0518 NEW    pos=(193,404) 14x11 trim_off=(0,0) → new proto#494 14x11
CC#0519 NEW    pos=(201,425) 24x10 trim_off=(0,0) → new proto#495 24x10
CC#0520 NEW    pos=(214,404) 8x11 trim_off=(0,0) → new proto#496 8x11
CC#0521 NEW    pos=(223,407) 27x12 trim_off=(0,0) → new proto#497 27x12
CC#0522 NEW    pos=(225,427) 15x8 trim_off=(0,0) → new proto#498 15x8
CC#0523 NEW    pos=(230,404) 3x2 trim_off=(0,0) → new proto#499 3x2
CC#0524 NEW    pos=(241,425) 5x10 trim_off=(0,0) → new proto#500 5x10
CC#0525 NEW    pos=(254,427) 4x8 trim_off=(0,0) → new proto#501 4x8
CC#0526 LOSSY  pos=(255,423) 3x3 → proto#190 3x3 err=1 dx=0 dy=0
CC#0527 NEW    pos=(258,407) 10x8 trim_off=(0,0) → new proto#502 10x8
CC#0528 NEW    pos=(259,427) 8x8 trim_off=(0,0) → new proto#503 8x8
CC#0529 NEW    pos=(268,404) 24x11 trim_off=(0,0) → new proto#504 24x11
CC#0530 LOSSY  pos=(275,425) 5x10 → proto#441 5x10 err=2 dx=0 dy=0
CC#0531 NEW    pos=(281,423) 7x11 trim_off=(0,0) → new proto#505 7x11
CC#0532 NEW    pos=(289,427) 7x8 trim_off=(0,0) → new proto#506 7x8
CC#0533 NEW    pos=(293,407) 6x8 trim_off=(0,0) → new proto#507 6x8
CC#0534 NEW    pos=(300,407) 7x8 trim_off=(0,0) → new proto#508 7x8
CC#0535 NEW    pos=(304,427) 19x8 trim_off=(0,0) → new proto#509 19x8
CC#0536 NEW    pos=(307,407) 11x8 trim_off=(0,0) → new proto#510 11x8
CC#0537 NEW    pos=(319,407) 7x8 trim_off=(0,0) → new proto#511 7x8
CC#0538 NEW    pos=(324,426) 7x9 trim_off=(0,0) → new proto#512 7x9
CC#0539 NEW    pos=(326,412) 3x6 trim_off=(0,0) → new proto#513 3x6
CC#0540 NEW    pos=(332,432) 2x3 trim_off=(0,0) → new proto#514 2x3
CC#0541 LOSSY  pos=(335,404) 8x11 → proto#370 8x11 err=2 dx=0 dy=0
CC#0542 NEW    pos=(343,407) 8x8 trim_off=(0,0) → new proto#515 8x8
CC#0543 NEW    pos=(351,423) 9x11 trim_off=(0,0) → new proto#516 9x11
CC#0544 NEW    pos=(352,405) 5x10 trim_off=(0,0) → new proto#517 5x10
CC#0545 LOSSY  pos=(361,423) 8x11 → proto#161 8x11 err=2 dx=0 dy=0
CC#0546 NEW    pos=(362,407) 29x8 trim_off=(0,0) → new proto#518 29x8
CC#0547 NEW    pos=(369,426) 7x9 trim_off=(0,0) → new proto#519 7x9
CC#0548 NEW    pos=(382,426) 11x8 trim_off=(0,0) → new proto#520 11x8
CC#0549 NEW    pos=(391,407) 8x8 trim_off=(0,0) → new proto#521 8x8
CC#0550 NEW    pos=(394,426) 14x8 trim_off=(0,0) → new proto#522 14x8
CC#0551 NEW    pos=(400,403) 36x15 trim_off=(0,0) → new proto#523 36x15
CC#0552 LOSSY  pos=(408,424) 5x10 → proto#253 5x10 err=1 dx=0 dy=0
CC#0553 NEW    pos=(414,423) 20x15 trim_off=(0,0) → new proto#524 20x15
CC#0554 NEW    pos=(439,426) 7x8 trim_off=(0,0) → new proto#525 7x8
CC#0555 NEW    pos=(441,404) 8x11 trim_off=(0,0) → new proto#526 8x11
CC#0556 NEW    pos=(447,423) 6x11 trim_off=(0,0) → new proto#527 6x11
CC#0557 NEW    pos=(449,407) 8x11 trim_off=(0,0) → new proto#528 8x11
CC#0558 NEW    pos=(461,423) 30x11 trim_off=(0,0) → new proto#529 30x11
CC#0559 NEW    pos=(462,407) 15x11 trim_off=(0,0) → new proto#530 15x11
CC#0560 LOSSY  pos=(477,407) 8x8 → proto#379 8x8 err=3 dx=0 dy=0
CC#0561 NEW    pos=(485,407) 7x8 trim_off=(0,0) → new proto#531 7x8
CC#0562 NEW    pos=(491,423) 21x12 trim_off=(0,0) → new proto#532 21x12
CC#0563 NEW    pos=(496,407) 12x8 trim_off=(0,0) → new proto#533 12x8
CC#0564 NEW    pos=(509,407) 7x8 trim_off=(0,0) → new proto#534 7x8
CC#0565 NEW    pos=(512,431) 4x6 trim_off=(0,0) → new proto#535 4x6
CC#0566 LOSSY  pos=(516,407) 6x7 → proto#430 6x7 err=1 dx=0 dy=0
CC#0567 NEW    pos=(522,403) 8x12 trim_off=(0,0) → new proto#536 8x12
CC#0568 NEW    pos=(522,423) 6x11 trim_off=(0,0) → new proto#537 6x11
CC#0569 NEW    pos=(530,423) 14x12 trim_off=(0,0) → new proto#538 14x12
CC#0570 NEW    pos=(531,403) 15x12 trim_off=(0,0) → new proto#539 15x12
CC#0571 NEW    pos=(545,424) 8x11 trim_off=(0,0) → new proto#540 8x11
CC#0572 NEW    pos=(551,403) 7x12 trim_off=(0,0) → new proto#541 7x12
CC#0573 NEW    pos=(553,432) 3x6 trim_off=(0,0) → new proto#542 3x6
CC#0574 NEW    pos=(558,407) 9x8 trim_off=(0,0) → new proto#543 9x8
CC#0575 NEW    pos=(562,427) 10x7 trim_off=(0,0) → new proto#544 10x7
CC#0576 EXACT  pos=(563,403) 4x3 → proto#198 4x3
CC#0577 NEW    pos=(568,403) 37x12 trim_off=(0,0) → new proto#545 37x12
CC#0578 NEW    pos=(573,426) 13x9 trim_off=(0,0) → new proto#546 13x9
CC#0579 NEW    pos=(591,426) 8x9 trim_off=(0,0) → new proto#547 8x9
CC#0580 NEW    pos=(606,403) 3x12 trim_off=(0,0) → new proto#548 3x12
CC#0581 NEW    pos=(606,427) 23x8 trim_off=(0,0) → new proto#549 23x8
CC#0582 NEW    pos=(610,407) 8x12 trim_off=(0,0) → new proto#550 8x12
CC#0583 EXACT  pos=(618,412) 3x6 → proto#513 3x6
CC#0584 NEW    pos=(627,403) 7x12 trim_off=(0,0) → new proto#551 7x12
CC#0585 NEW    pos=(629,430) 5x3 trim_off=(0,0) → new proto#552 5x3
CC#0586 NEW    pos=(74,445) 33x10 trim_off=(0,0) → new proto#553 33x10
CC#0587 NEW    pos=(74,463) 17x12 trim_off=(0,0) → new proto#554 17x12
CC#0588 NEW    pos=(92,466) 5x8 trim_off=(0,0) → new proto#555 5x8
CC#0589 LOSSY  pos=(98,463) 3x11 → proto#206 3x11 err=2 dx=0 dy=0
CC#0590 LOSSY  pos=(102,466) 8x11 → proto#283 8x11 err=4 dx=0 dy=0
CC#0591 EXACT  pos=(103,443) 4x3 → proto#233 4x3
CC#0592 NEW    pos=(107,446) 16x9 trim_off=(0,0) → new proto#556 16x9
CC#0593 NEW    pos=(110,466) 8x12 trim_off=(0,0) → new proto#557 8x12
CC#0594 NEW    pos=(118,463) 4x11 trim_off=(0,0) → new proto#558 4x11
CC#0595 LOSSY  pos=(123,471) 3x3 → proto#190 3x3 err=1 dx=0 dy=0
CC#0596 NEW    pos=(129,447) 7x8 trim_off=(0,0) → new proto#559 7x8
CC#0597 NEW    pos=(136,443) 6x12 trim_off=(0,0) → new proto#560 6x12
CC#0598 NEW    pos=(142,462) 17x12 trim_off=(0,0) → new proto#561 17x12
CC#0599 NEW    pos=(150,443) 19x12 trim_off=(0,0) → new proto#562 19x12
CC#0600 NEW    pos=(161,466) 6x8 trim_off=(0,0) → new proto#563 6x8
CC#0601 NEW    pos=(170,446) 21x12 trim_off=(0,0) → new proto#564 21x12
CC#0602 NEW    pos=(174,466) 18x8 trim_off=(0,0) → new proto#565 18x8
CC#0603 NEW    pos=(192,445) 18x10 trim_off=(0,0) → new proto#566 18x10
CC#0604 LOSSY  pos=(193,466) 7x8 → proto#416 7x8 err=2 dx=0 dy=0
CC#0605 NEW    pos=(200,462) 4x12 trim_off=(0,0) → new proto#567 4x12
CC#0606 LOSSY  pos=(205,466) 7x8 → proto#225 7x8 err=2 dx=0 dy=0
CC#0607 NEW    pos=(212,464) 10x10 trim_off=(0,0) → new proto#568 10x10
CC#0608 NEW    pos=(215,446) 15x12 trim_off=(0,0) → new proto#569 15x12
CC#0609 NEW    pos=(218,463) 3x2 trim_off=(0,0) → new proto#570 3x2
CC#0610 NEW    pos=(223,466) 6x8 trim_off=(0,0) → new proto#571 6x8
CC#0611 NEW    pos=(230,466) 14x8 trim_off=(0,0) → new proto#572 14x8
CC#0612 NEW    pos=(231,446) 7x8 trim_off=(0,0) → new proto#573 7x8
CC#0613 NEW    pos=(239,446) 7x8 trim_off=(0,0) → new proto#574 7x8
CC#0614 NEW    pos=(246,443) 4x11 trim_off=(0,0) → new proto#575 4x11
CC#0615 LOSSY  pos=(250,466) 10x8 → proto#339 10x8 err=3 dx=0 dy=0
CC#0616 NEW    pos=(251,443) 3x11 trim_off=(0,0) → new proto#576 3x11
CC#0617 NEW    pos=(255,446) 7x12 trim_off=(0,0) → new proto#577 7x12
CC#0618 NEW    pos=(260,466) 7x8 trim_off=(0,0) → new proto#578 7x8
CC#0619 NEW    pos=(268,446) 12x8 trim_off=(0,0) → new proto#579 12x8
CC#0620 NEW    pos=(268,466) 12x8 trim_off=(0,0) → new proto#580 12x8
CC#0621 NEW    pos=(281,446) 7x12 trim_off=(0,0) → new proto#581 7x12
CC#0622 NEW    pos=(285,463) 8x11 trim_off=(0,0) → new proto#582 8x11
CC#0623 NEW    pos=(289,446) 34x9 trim_off=(0,0) → new proto#583 34x9
CC#0624 NEW    pos=(293,466) 13x8 trim_off=(0,0) → new proto#584 13x8
CC#0625 NEW    pos=(307,463) 3x2 trim_off=(0,0) → new proto#585 3x2
CC#0626 NEW    pos=(307,466) 3x8 trim_off=(0,0) → new proto#586 3x8
CC#0627 NEW    pos=(311,466) 10x8 trim_off=(0,0) → new proto#587 10x8
CC#0628 NEW    pos=(318,462) 3x3 trim_off=(0,0) → new proto#588 3x3
CC#0629 NEW    pos=(322,466) 7x7 trim_off=(0,0) → new proto#589 7x7
CC#0630 NEW    pos=(323,444) 5x10 trim_off=(0,0) → new proto#590 5x10
CC#0631 NEW    pos=(329,443) 3x3 trim_off=(0,0) → new proto#591 3x3
CC#0632 NEW    pos=(329,447) 4x7 trim_off=(0,0) → new proto#592 4x7
CC#0633 NEW    pos=(329,466) 7x8 trim_off=(0,0) → new proto#593 7x8
CC#0634 NEW    pos=(333,446) 17x12 trim_off=(0,0) → new proto#594 17x12
CC#0635 NEW    pos=(341,465) 14x9 trim_off=(0,0) → new proto#595 14x9
CC#0636 NEW    pos=(355,442) 13x12 trim_off=(0,0) → new proto#596 13x12
CC#0637 NEW    pos=(360,464) 13x10 trim_off=(0,0) → new proto#597 13x10
CC#0638 NEW    pos=(368,446) 7x9 trim_off=(0,0) → new proto#598 7x9
CC#0639 NEW    pos=(378,465) 16x12 trim_off=(0,0) → new proto#599 16x12
CC#0640 NEW    pos=(381,442) 15x12 trim_off=(0,0) → new proto#600 15x12
CC#0641 NEW    pos=(394,462) 19x11 trim_off=(0,0) → new proto#601 19x11
CC#0642 NEW    pos=(397,442) 12x12 trim_off=(0,0) → new proto#602 12x12
CC#0643 NEW    pos=(406,443) 3x2 trim_off=(0,0) → new proto#603 3x2
CC#0644 NEW    pos=(410,446) 8x5 trim_off=(0,0) → new proto#604 8x5
CC#0645 NEW    pos=(410,452) 7x6 trim_off=(0,0) → new proto#605 7x6
CC#0646 EXACT  pos=(414,462) 3x3 → proto#591 3x3
CC#0647 NEW    pos=(414,466) 4x7 trim_off=(0,0) → new proto#606 4x7
CC#0648 NEW    pos=(419,464) 5x9 trim_off=(0,0) → new proto#607 5x9
CC#0649 NEW    pos=(423,446) 15x8 trim_off=(0,0) → new proto#608 15x8
CC#0650 NEW    pos=(424,466) 7x11 trim_off=(0,0) → new proto#609 7x11
CC#0651 NEW    pos=(437,462) 13x12 trim_off=(0,0) → new proto#610 13x12
CC#0652 NEW    pos=(439,443) 7x11 trim_off=(0,0) → new proto#611 7x11
CC#0653 NEW    pos=(454,442) 11x12 trim_off=(0,0) → new proto#612 11x12
CC#0654 NEW    pos=(456,466) 9x8 trim_off=(0,0) → new proto#613 9x8
CC#0655 EXACT  pos=(462,462) 3x3 → proto#468 3x3
CC#0656 NEW    pos=(465,446) 33x8 trim_off=(0,0) → new proto#614 33x8
CC#0657 NEW    pos=(465,466) 8x12 trim_off=(0,0) → new proto#615 8x12
CC#0658 NEW    pos=(473,462) 9x12 trim_off=(0,0) → new proto#616 9x12
CC#0659 LOSSY  pos=(482,464) 5x10 → proto#474 5x10 err=1 dx=0 dy=0
CC#0660 NEW    pos=(492,466) 4x8 trim_off=(0,0) → new proto#617 4x8
CC#0661 EXACT  pos=(493,462) 3x3 → proto#180 3x3
CC#0662 LOSSY  pos=(497,466) 8x8 → proto#503 8x8 err=3 dx=0 dy=0
CC#0663 NEW    pos=(499,446) 13x8 trim_off=(0,0) → new proto#618 13x8
CC#0664 NEW    pos=(510,463) 6x11 trim_off=(0,0) → new proto#619 6x11
CC#0665 NEW    pos=(512,445) 9x9 trim_off=(0,0) → new proto#620 9x9
CC#0666 NEW    pos=(515,462) 16x12 trim_off=(0,0) → new proto#621 16x12
CC#0667 NEW    pos=(521,446) 7x8 trim_off=(0,0) → new proto#622 7x8
CC#0668 NEW    pos=(536,446) 15x11 trim_off=(0,0) → new proto#623 15x11
CC#0669 NEW    pos=(536,462) 15x12 trim_off=(0,0) → new proto#624 15x12
CC#0670 NEW    pos=(551,444) 16x10 trim_off=(0,0) → new proto#625 16x10
CC#0671 NEW    pos=(552,466) 7x8 trim_off=(0,0) → new proto#626 7x8
CC#0672 NEW    pos=(560,462) 13x12 trim_off=(0,0) → new proto#627 13x12
CC#0673 EXACT  pos=(563,443) 3x2 → proto#570 3x2
CC#0674 NEW    pos=(567,446) 13x8 trim_off=(0,0) → new proto#628 13x8
CC#0675 NEW    pos=(579,466) 14x8 trim_off=(0,0) → new proto#629 14x8
CC#0676 NEW    pos=(588,443) 13x11 trim_off=(0,0) → new proto#630 13x11
CC#0677 NEW    pos=(590,462) 2x3 trim_off=(0,0) → new proto#631 2x3
CC#0678 NEW    pos=(594,462) 13x12 trim_off=(0,0) → new proto#632 13x12
CC#0679 NEW    pos=(606,443) 28x11 trim_off=(0,0) → new proto#633 28x11
CC#0680 NEW    pos=(613,462) 20x12 trim_off=(0,0) → new proto#634 20x12
CC#0681 NEW    pos=(74,482) 12x12 trim_off=(0,0) → new proto#635 12x12
CC#0682 NEW    pos=(74,501) 8x13 trim_off=(0,0) → new proto#636 8x13
CC#0683 NEW    pos=(83,505) 15x8 trim_off=(0,0) → new proto#637 15x8
CC#0684 NEW    pos=(86,486) 7x8 trim_off=(0,0) → new proto#638 7x8
CC#0685 NEW    pos=(94,482) 19x12 trim_off=(0,0) → new proto#639 19x12
CC#0686 NEW    pos=(98,503) 5x10 trim_off=(0,0) → new proto#640 5x10
CC#0687 NEW    pos=(103,502) 30x12 trim_off=(0,0) → new proto#641 30x12
CC#0688 NEW    pos=(123,484) 12x10 trim_off=(0,0) → new proto#642 12x10
CC#0689 NEW    pos=(138,502) 13x11 trim_off=(0,0) → new proto#643 13x11
CC#0690 NEW    pos=(141,484) 5x10 trim_off=(0,0) → new proto#644 5x10
CC#0691 LOSSY  pos=(146,482) 8x11 → proto#161 8x11 err=4 dx=0 dy=0
CC#0692 NEW    pos=(152,505) 7x8 trim_off=(0,0) → new proto#645 7x8
CC#0693 NEW    pos=(155,486) 6x8 trim_off=(0,0) → new proto#646 6x8
CC#0694 NEW    pos=(159,503) 5x10 trim_off=(0,0) → new proto#647 5x10
CC#0695 NEW    pos=(165,505) 6x8 trim_off=(0,0) → new proto#648 6x8
CC#0696 NEW    pos=(170,482) 10x12 trim_off=(0,0) → new proto#649 10x12
CC#0697 NEW    pos=(172,505) 9x8 trim_off=(0,0) → new proto#650 9x8
CC#0698 NEW    pos=(180,486) 7x8 trim_off=(0,0) → new proto#651 7x8
CC#0699 NEW    pos=(188,486) 11x7 trim_off=(0,0) → new proto#652 11x7
CC#0700 NEW    pos=(198,501) 6x12 trim_off=(0,0) → new proto#653 6x12
CC#0701 NEW    pos=(200,482) 3x3 trim_off=(0,0) → new proto#654 3x3
CC#0702 NEW    pos=(200,486) 3x8 trim_off=(0,0) → new proto#655 3x8
CC#0703 NEW    pos=(204,484) 12x10 trim_off=(0,0) → new proto#656 12x10
CC#0704 NEW    pos=(210,505) 10x8 trim_off=(0,0) → new proto#657 10x8
CC#0705 LOSSY  pos=(217,486) 10x7 → proto#463 10x7 err=3 dx=0 dy=0
CC#0706 NEW    pos=(221,505) 13x8 trim_off=(0,0) → new proto#658 13x8
CC#0707 LOSSY  pos=(223,482) 3x3 → proto#190 3x3 err=1 dx=0 dy=0
CC#0708 NEW    pos=(227,486) 13x8 trim_off=(0,0) → new proto#659 13x8
CC#0709 NEW    pos=(239,505) 8x8 trim_off=(0,0) → new proto#660 8x8
CC#0710 NEW    pos=(248,505) 7x8 trim_off=(0,0) → new proto#661 7x8
CC#0711 NEW    pos=(249,486) 13x8 trim_off=(0,0) → new proto#662 13x8
CC#0712 LOSSY  pos=(255,503) 5x10 → proto#640 5x10 err=2 dx=0 dy=0
CC#0713 NEW    pos=(263,486) 7x11 trim_off=(0,0) → new proto#663 7x11
CC#0714 NEW    pos=(266,505) 7x8 trim_off=(0,0) → new proto#664 7x8
CC#0715 NEW    pos=(271,486) 7x7 trim_off=(0,0) → new proto#665 7x7
CC#0716 EXACT  pos=(279,482) 3x3 → proto#591 3x3
CC#0717 LOSSY  pos=(279,486) 4x7 → proto#592 4x7 err=1 dx=0 dy=0
CC#0718 NEW    pos=(279,505) 11x8 trim_off=(0,0) → new proto#666 11x8
CC#0719 NEW    pos=(284,482) 20x12 trim_off=(0,0) → new proto#667 20x12
CC#0720 NEW    pos=(291,505) 6x8 trim_off=(0,0) → new proto#668 6x8
CC#0721 NEW    pos=(298,505) 11x8 trim_off=(0,0) → new proto#669 11x8
CC#0722 NEW    pos=(309,482) 7x11 trim_off=(0,0) → new proto#670 7x11
CC#0723 NEW    pos=(310,502) 15x11 trim_off=(0,0) → new proto#671 15x11
CC#0724 NEW    pos=(316,486) 13x7 trim_off=(0,0) → new proto#672 13x7
CC#0725 NEW    pos=(326,505) 6x8 trim_off=(0,0) → new proto#673 6x8
CC#0726 NEW    pos=(329,486) 12x8 trim_off=(0,0) → new proto#674 12x8
CC#0727 NEW    pos=(332,511) 3x5 trim_off=(0,0) → new proto#675 3x5
CC#0728 NEW    pos=(341,502) 8x11 trim_off=(0,0) → new proto#676 8x11
CC#0729 NEW    pos=(349,505) 8x8 trim_off=(0,0) → new proto#677 8x8
CC#0730 NEW    pos=(350,482) 31x12 trim_off=(0,0) → new proto#678 31x12
CC#0731 NEW    pos=(357,503) 5x10 trim_off=(0,0) → new proto#679 5x10
CC#0732 NEW    pos=(368,505) 15x8 trim_off=(0,0) → new proto#680 15x8
CC#0733 NEW    pos=(377,482) 3x3 trim_off=(0,0) → new proto#681 3x3
CC#0734 NEW    pos=(381,486) 14x7 trim_off=(0,0) → new proto#682 14x7
CC#0735 NEW    pos=(389,502) 4x11 trim_off=(0,0) → new proto#683 4x11
CC#0736 LOSSY  pos=(393,505) 8x8 → proto#208 8x8 err=3 dx=0 dy=0
CC#0737 NEW    pos=(395,491) 4x6 trim_off=(0,0) → new proto#684 4x6
CC#0738 NEW    pos=(402,502) 11x11 trim_off=(0,0) → new proto#685 11x11
CC#0739 NEW    pos=(405,485) 15x8 trim_off=(0,0) → new proto#686 15x8
CC#0740 NEW    pos=(414,503) 12x10 trim_off=(0,0) → new proto#687 12x10
CC#0741 NEW    pos=(421,482) 7x11 trim_off=(0,0) → new proto#688 7x11
CC#0742 LOSSY  pos=(426,503) 5x10 → proto#647 5x10 err=2 dx=0 dy=0
CC#0743 NEW    pos=(432,502) 3x11 trim_off=(0,0) → new proto#689 3x11
CC#0744 NEW    pos=(436,505) 8x8 trim_off=(0,0) → new proto#690 8x8
CC#0745 NEW    pos=(438,485) 8x12 trim_off=(0,0) → new proto#691 8x12
CC#0746 NEW    pos=(444,505) 8x8 trim_off=(0,0) → new proto#692 8x8
CC#0747 NEW    pos=(446,486) 14x7 trim_off=(0,0) → new proto#693 14x7
CC#0748 NEW    pos=(457,502) 15x11 trim_off=(0,0) → new proto#694 15x11
CC#0749 NEW    pos=(460,482) 37x15 trim_off=(0,0) → new proto#695 37x15
CC#0750 NEW    pos=(473,502) 7x11 trim_off=(0,0) → new proto#696 7x11
CC#0751 NEW    pos=(481,501) 40x12 trim_off=(0,0) → new proto#697 40x12
CC#0752 NEW    pos=(502,485) 8x9 trim_off=(0,0) → new proto#698 8x9
CC#0753 NEW    pos=(515,485) 22x8 trim_off=(0,0) → new proto#699 22x8
CC#0754 LOSSY  pos=(529,503) 5x10 → proto#474 5x10 err=2 dx=0 dy=0
CC#0755 NEW    pos=(534,501) 8x12 trim_off=(0,0) → new proto#700 8x12
CC#0756 LOSSY  pos=(538,486) 7x7 → proto#589 7x7 err=2 dx=0 dy=0
CC#0757 NEW    pos=(543,505) 6x8 trim_off=(0,0) → new proto#701 6x8
CC#0758 NEW    pos=(545,485) 15x9 trim_off=(0,0) → new proto#702 15x9
CC#0759 NEW    pos=(555,501) 25x12 trim_off=(0,0) → new proto#703 25x12
CC#0760 NEW    pos=(561,483) 9x10 trim_off=(0,0) → new proto#704 9x10
CC#0761 EXACT  pos=(566,482) 4x3 → proto#233 4x3
CC#0762 NEW    pos=(570,485) 16x9 trim_off=(0,0) → new proto#705 16x9
CC#0763 NEW    pos=(580,505) 8x8 trim_off=(0,0) → new proto#706 8x8
CC#0764 NEW    pos=(588,502) 44x12 trim_off=(0,0) → new proto#707 44x12
CC#0765 NEW    pos=(591,486) 8x8 trim_off=(0,0) → new proto#708 8x8
CC#0766 NEW    pos=(599,482) 6x12 trim_off=(0,0) → new proto#709 6x12
CC#0767 NEW    pos=(612,482) 14x12 trim_off=(0,0) → new proto#710 14x12
CC#0768 LOSSY  pos=(626,486) 7x8 → proto#593 7x8 err=2 dx=0 dy=0
CC#0769 NEW    pos=(636,504) 4x6 trim_off=(0,0) → new proto#711 4x6
CC#0770 NEW    pos=(74,521) 18x12 trim_off=(0,0) → new proto#712 18x12
CC#0771 NEW    pos=(74,541) 31x12 trim_off=(0,0) → new proto#713 31x12
CC#0772 NEW    pos=(93,525) 6x8 trim_off=(0,0) → new proto#714 6x8
CC#0773 NEW    pos=(106,545) 6x7 trim_off=(0,0) → new proto#715 6x7
CC#0774 NEW    pos=(107,525) 6x8 trim_off=(0,0) → new proto#716 6x8
CC#0775 NEW    pos=(114,525) 7x8 trim_off=(0,0) → new proto#717 7x8
CC#0776 NEW    pos=(115,541) 14x12 trim_off=(0,0) → new proto#718 14x12
CC#0777 NEW    pos=(122,525) 19x8 trim_off=(0,0) → new proto#719 19x8
CC#0778 NEW    pos=(129,545) 7x8 trim_off=(0,0) → new proto#720 7x8
CC#0779 NEW    pos=(141,545) 14x8 trim_off=(0,0) → new proto#721 14x8
CC#0780 NEW    pos=(142,522) 14x11 trim_off=(0,0) → new proto#722 14x11
CC#0781 NEW    pos=(156,541) 3x3 trim_off=(0,0) → new proto#723 3x3
CC#0782 LOSSY  pos=(156,545) 4x7 → proto#592 4x7 err=1 dx=0 dy=0
CC#0783 EXACT  pos=(157,522) 3x2 → proto#585 3x2
CC#0784 LOSSY  pos=(157,525) 3x8 → proto#586 3x8 err=1 dx=0 dy=0
CC#0785 NEW    pos=(161,525) 16x12 trim_off=(0,0) → new proto#724 16x12
CC#0786 NEW    pos=(161,544) 6x8 trim_off=(0,0) → new proto#725 6x8
CC#0787 NEW    pos=(167,543) 26x15 trim_off=(0,0) → new proto#726 26x15
CC#0788 NEW    pos=(169,525) 8x5 trim_off=(0,0) → new proto#727 8x5
CC#0789 LOSSY  pos=(172,541) 4x3 → proto#423 4x3 err=1 dx=0 dy=0
CC#0790 NEW    pos=(181,521) 28x16 trim_off=(0,0) → new proto#728 28x16
CC#0791 NEW    pos=(197,545) 7x8 trim_off=(0,0) → new proto#729 7x8
CC#0792 EXACT  pos=(205,541) 3x3 → proto#468 3x3
CC#0793 NEW    pos=(205,545) 3x8 trim_off=(0,0) → new proto#730 3x8
CC#0794 EXACT  pos=(206,522) 3x2 → proto#585 3x2
CC#0795 NEW    pos=(209,544) 12x9 trim_off=(0,0) → new proto#731 12x9
CC#0796 NEW    pos=(210,525) 6x8 trim_off=(0,0) → new proto#732 6x8
CC#0797 NEW    pos=(216,521) 4x12 trim_off=(0,0) → new proto#733 4x12
CC#0798 NEW    pos=(221,525) 7x8 trim_off=(0,0) → new proto#734 7x8
CC#0799 NEW    pos=(222,545) 7x7 trim_off=(0,0) → new proto#735 7x7
CC#0800 LOSSY  pos=(228,523) 5x10 → proto#314 5x10 err=1 dx=0 dy=0
CC#0801 NEW    pos=(229,544) 12x9 trim_off=(0,0) → new proto#736 12x9
CC#0802 NEW    pos=(234,525) 7x8 trim_off=(0,0) → new proto#737 7x8
CC#0803 NEW    pos=(242,525) 12x8 trim_off=(0,0) → new proto#738 12x8
CC#0804 NEW    pos=(242,545) 5x7 trim_off=(0,0) → new proto#739 5x7
CC#0805 NEW    pos=(248,543) 13x10 trim_off=(0,0) → new proto#740 13x10
CC#0806 EXACT  pos=(260,521) 3x3 → proto#723 3x3
CC#0807 NEW    pos=(260,525) 4x8 trim_off=(0,0) → new proto#741 4x8
CC#0808 LOSSY  pos=(261,545) 8x8 → proto#503 8x8 err=3 dx=0 dy=0
CC#0809 NEW    pos=(264,525) 8x8 trim_off=(0,0) → new proto#742 8x8
CC#0810 NEW    pos=(269,545) 23x11 trim_off=(0,0) → new proto#743 23x11
CC#0811 NEW    pos=(273,525) 6x8 trim_off=(0,0) → new proto#744 6x8
CC#0812 LOSSY  pos=(279,523) 5x10 → proto#169 5x10 err=2 dx=0 dy=0
CC#0813 NEW    pos=(285,525) 5x8 trim_off=(0,0) → new proto#745 5x8
CC#0814 NEW    pos=(291,525) 7x8 trim_off=(0,0) → new proto#746 7x8
CC#0815 NEW    pos=(298,542) 13x11 trim_off=(0,0) → new proto#747 13x11
CC#0816 NEW    pos=(299,523) 11x10 trim_off=(0,0) → new proto#748 11x10
CC#0817 NEW    pos=(311,521) 14x12 trim_off=(0,0) → new proto#749 14x12
CC#0818 NEW    pos=(317,545) 12x8 trim_off=(0,0) → new proto#750 12x8
CC#0819 NEW    pos=(330,545) 5x7 trim_off=(0,0) → new proto#751 5x7
CC#0820 NEW    pos=(331,525) 12x8 trim_off=(0,0) → new proto#752 12x8
CC#0821 LOSSY  pos=(336,541) 3x3 → proto#190 3x3 err=1 dx=0 dy=0
CC#0822 NEW    pos=(336,545) 10x7 trim_off=(0,0) → new proto#753 10x7
CC#0823 NEW    pos=(343,525) 10x11 trim_off=(0,0) → new proto#754 10x11
CC#0824 NEW    pos=(347,543) 5x10 trim_off=(0,0) → new proto#755 5x10
CC#0825 NEW    pos=(357,542) 8x11 trim_off=(0,0) → new proto#756 8x11
CC#0826 NEW    pos=(358,525) 14x8 trim_off=(0,0) → new proto#757 14x8
CC#0827 LOSSY  pos=(365,545) 8x11 → proto#203 8x11 err=3 dx=0 dy=0
CC#0828 NEW    pos=(377,525) 8x8 trim_off=(0,0) → new proto#758 8x8
CC#0829 LOSSY  pos=(379,545) 7x8 → proto#490 7x8 err=1 dx=0 dy=0
CC#0830 NEW    pos=(386,542) 4x10 trim_off=(0,0) → new proto#759 4x10
CC#0831 NEW    pos=(390,522) 23x11 trim_off=(0,0) → new proto#760 23x11
CC#0832 NEW    pos=(391,541) 4x12 trim_off=(0,0) → new proto#761 4x12
CC#0833 NEW    pos=(401,545) 14x8 trim_off=(0,0) → new proto#762 14x8
CC#0834 LOSSY  pos=(414,525) 7x8 → proto#734 7x8 err=2 dx=0 dy=0
CC#0835 NEW    pos=(415,544) 14x9 trim_off=(0,0) → new proto#763 14x9
CC#0836 NEW    pos=(421,523) 13x10 trim_off=(0,0) → new proto#764 13x10
CC#0837 NEW    pos=(430,544) 9x9 trim_off=(0,0) → new proto#765 9x9
CC#0838 NEW    pos=(434,525) 6x8 trim_off=(0,0) → new proto#766 6x8
CC#0839 NEW    pos=(435,542) 3x2 trim_off=(0,0) → new proto#767 3x2
CC#0840 NEW    pos=(440,531) 3x5 trim_off=(0,0) → new proto#768 3x5
CC#0841 NEW    pos=(440,543) 5x10 trim_off=(0,0) → new proto#769 5x10
CC#0842 NEW    pos=(445,545) 8x7 trim_off=(0,0) → new proto#770 8x7
CC#0843 NEW    pos=(449,523) 13x10 trim_off=(0,0) → new proto#771 13x10
CC#0844 NEW    pos=(453,543) 17x10 trim_off=(0,0) → new proto#772 17x10
CC#0845 EXACT  pos=(459,541) 3x3 → proto#654 3x3
CC#0846 NEW    pos=(468,525) 27x8 trim_off=(0,0) → new proto#773 27x8
CC#0847 NEW    pos=(470,545) 8x7 trim_off=(0,0) → new proto#774 8x7
CC#0848 NEW    pos=(479,545) 7x7 trim_off=(0,0) → new proto#775 7x7
CC#0849 NEW    pos=(486,541) 5x12 trim_off=(0,0) → new proto#776 5x12
CC#0850 NEW    pos=(496,523) 11x10 trim_off=(0,0) → new proto#777 11x10
CC#0851 NEW    pos=(497,545) 11x7 trim_off=(0,0) → new proto#778 11x7
CC#0852 NEW    pos=(509,544) 6x9 trim_off=(0,0) → new proto#779 6x9
CC#0853 NEW    pos=(512,521) 13x12 trim_off=(0,0) → new proto#780 13x12
CC#0854 NEW    pos=(516,544) 15x9 trim_off=(0,0) → new proto#781 15x9
CC#0855 EXACT  pos=(526,521) 3x3 → proto#591 3x3
CC#0856 NEW    pos=(526,525) 10x8 trim_off=(0,0) → new proto#782 10x8
CC#0857 NEW    pos=(532,544) 6x8 trim_off=(0,0) → new proto#783 6x8
CC#0858 NEW    pos=(542,525) 15x11 trim_off=(0,0) → new proto#784 15x11
CC#0859 NEW    pos=(542,541) 13x12 trim_off=(0,0) → new proto#785 13x12
CC#0860 NEW    pos=(556,545) 6x8 trim_off=(0,0) → new proto#786 6x8
CC#0861 NEW    pos=(558,525) 7x8 trim_off=(0,0) → new proto#787 7x8
CC#0862 NEW    pos=(566,525) 7x8 trim_off=(0,0) → new proto#788 7x8
CC#0863 NEW    pos=(568,541) 15x12 trim_off=(0,0) → new proto#789 15x12
CC#0864 NEW    pos=(573,521) 4x12 trim_off=(0,0) → new proto#790 4x12
CC#0865 NEW    pos=(578,522) 4x11 trim_off=(0,0) → new proto#791 4x11
CC#0866 LOSSY  pos=(582,523) 5x10 → proto#253 5x10 err=2 dx=0 dy=0
CC#0867 NEW    pos=(584,545) 11x8 trim_off=(0,0) → new proto#792 11x8
CC#0868 NEW    pos=(587,525) 8x11 trim_off=(0,0) → new proto#793 8x11
CC#0869 NEW    pos=(595,531) 3x5 trim_off=(0,0) → new proto#794 3x5
CC#0870 LOSSY  pos=(596,541) 3x3 → proto#190 3x3 err=1 dx=0 dy=0
CC#0871 NEW    pos=(596,545) 3x8 trim_off=(0,0) → new proto#795 3x8
CC#0872 NEW    pos=(600,545) 6x8 trim_off=(0,0) → new proto#796 6x8
CC#0873 NEW    pos=(605,525) 15x8 trim_off=(0,0) → new proto#797 15x8
CC#0874 NEW    pos=(607,545) 5x8 trim_off=(0,0) → new proto#798 5x8
CC#0875 LOSSY  pos=(613,541) 3x3 → proto#190 3x3 err=1 dx=0 dy=0
CC#0876 NEW    pos=(613,545) 20x8 trim_off=(0,0) → new proto#799 20x8
CC#0877 NEW    pos=(621,522) 7x11 trim_off=(0,0) → new proto#800 7x11
CC#0878 NEW    pos=(629,531) 3x6 trim_off=(0,0) → new proto#801 3x6
CC#0879 NEW    pos=(74,560) 14x12 trim_off=(0,0) → new proto#802 14x12
CC#0880 NEW    pos=(75,584) 6x8 trim_off=(0,0) → new proto#803 6x8
CC#0881 NEW    pos=(81,581) 9x11 trim_off=(0,0) → new proto#804 9x11
CC#0882 EXACT  pos=(87,580) 3x3 → proto#180 3x3
CC#0883 NEW    pos=(91,581) 5x11 trim_off=(0,0) → new proto#805 5x11
CC#0884 NEW    pos=(94,560) 9x12 trim_off=(0,0) → new proto#806 9x12
CC#0885 LOSSY  pos=(96,584) 8x8 → proto#379 8x8 err=3 dx=0 dy=0
CC#0886 NEW    pos=(103,564) 7x8 trim_off=(0,0) → new proto#807 7x8
CC#0887 NEW    pos=(105,582) 11x10 trim_off=(0,0) → new proto#808 11x10
CC#0888 NEW    pos=(111,561) 3x11 trim_off=(0,0) → new proto#809 3x11
CC#0889 EXACT  pos=(115,561) 3x2 → proto#570 3x2
CC#0890 NEW    pos=(115,561) 11x11 trim_off=(0,0) → new proto#810 11x11
CC#0891 NEW    pos=(117,580) 7x12 trim_off=(0,0) → new proto#811 7x12
CC#0892 NEW    pos=(125,564) 8x8 trim_off=(0,0) → new proto#812 8x8
CC#0893 NEW    pos=(130,584) 14x8 trim_off=(0,0) → new proto#813 14x8
CC#0894 NEW    pos=(133,561) 18x11 trim_off=(0,0) → new proto#814 18x11
CC#0895 NEW    pos=(144,584) 11x7 trim_off=(0,0) → new proto#815 11x7
CC#0896 NEW    pos=(152,564) 7x8 trim_off=(0,0) → new proto#816 7x8
CC#0897 NEW    pos=(157,584) 11x8 trim_off=(0,0) → new proto#817 11x8
CC#0898 NEW    pos=(165,564) 13x8 trim_off=(0,0) → new proto#818 13x8
CC#0899 NEW    pos=(168,584) 4x8 trim_off=(0,0) → new proto#819 4x8
CC#0900 EXACT  pos=(169,581) 3x2 → proto#603 3x2
CC#0901 NEW    pos=(173,582) 5x10 trim_off=(0,0) → new proto#820 5x10
CC#0902 NEW    pos=(179,582) 18x10 trim_off=(0,0) → new proto#821 18x10
CC#0903 EXACT  pos=(184,564) 7x8 → proto#664 7x8
CC#0904 NEW    pos=(195,561) 8x11 trim_off=(0,0) → new proto#822 8x11
CC#0905 NEW    pos=(202,584) 14x8 trim_off=(0,0) → new proto#823 14x8
CC#0906 NEW    pos=(203,562) 5x10 trim_off=(0,0) → new proto#824 5x10
CC#0907 NEW    pos=(209,564) 7x8 trim_off=(0,0) → new proto#825 7x8
CC#0908 NEW    pos=(216,562) 5x10 trim_off=(0,0) → new proto#826 5x10
CC#0909 NEW    pos=(216,580) 4x11 trim_off=(0,0) → new proto#827 4x11
CC#0910 NEW    pos=(221,580) 19x12 trim_off=(0,0) → new proto#828 19x12
CC#0911 NEW    pos=(222,564) 6x8 trim_off=(0,0) → new proto#829 6x8
CC#0912 EXACT  pos=(229,570) 3x2 → proto#585 3x2
CC#0913 NEW    pos=(246,584) 7x8 trim_off=(0,0) → new proto#830 7x8
CC#0914 NEW    pos=(248,561) 12x11 trim_off=(0,0) → new proto#831 12x11
CC#0915 LOSSY  pos=(253,584) 8x8 → proto#503 8x8 err=2 dx=0 dy=0
CC#0916 LOSSY  pos=(260,562) 5x10 → proto#253 5x10 err=2 dx=0 dy=0
CC#0917 NEW    pos=(269,584) 11x8 trim_off=(0,0) → new proto#832 11x8
CC#0918 NEW    pos=(270,564) 8x8 trim_off=(0,0) → new proto#833 8x8
CC#0919 NEW    pos=(281,584) 7x8 trim_off=(0,0) → new proto#834 7x8
CC#0920 NEW    pos=(283,564) 14x8 trim_off=(0,0) → new proto#835 14x8
CC#0921 NEW    pos=(288,589) 3x6 trim_off=(0,0) → new proto#836 3x6
CC#0922 NEW    pos=(297,561) 4x11 trim_off=(0,0) → new proto#837 4x11
CC#0923 NEW    pos=(297,581) 8x11 trim_off=(0,0) → new proto#838 8x11
CC#0924 EXACT  pos=(302,561) 4x11 → proto#382 4x11
CC#0925 NEW    pos=(305,584) 8x11 trim_off=(0,0) → new proto#839 8x11
CC#0926 NEW    pos=(307,561) 14x11 trim_off=(0,0) → new proto#840 14x11
CC#0927 NEW    pos=(319,580) 3x12 trim_off=(0,0) → new proto#841 3x12
CC#0928 NEW    pos=(323,584) 6x8 trim_off=(0,0) → new proto#842 6x8
CC#0929 NEW    pos=(327,564) 5x8 trim_off=(0,0) → new proto#843 5x8
CC#0930 LOSSY  pos=(330,582) 5x10 → proto#644 5x10 err=1 dx=0 dy=0
CC#0931 NEW    pos=(333,564) 23x8 trim_off=(0,0) → new proto#844 23x8
CC#0932 NEW    pos=(335,582) 12x10 trim_off=(0,0) → new proto#845 12x10
CC#0933 NEW    pos=(348,584) 6x7 trim_off=(0,0) → new proto#846 6x7
CC#0934 NEW    pos=(353,561) 2x3 trim_off=(0,0) → new proto#847 2x3
CC#0935 EXACT  pos=(353,589) 4x6 → proto#241 4x6
CC#0936 NEW    pos=(357,564) 7x8 trim_off=(0,0) → new proto#848 7x8
CC#0937 NEW    pos=(363,580) 6x12 trim_off=(0,0) → new proto#849 6x12
CC#0938 NEW    pos=(364,564) 9x8 trim_off=(0,0) → new proto#850 9x8
CC#0939 NEW    pos=(369,584) 7x8 trim_off=(0,0) → new proto#851 7x8
CC#0940 NEW    pos=(377,584) 5x8 trim_off=(0,0) → new proto#852 5x8
CC#0941 NEW    pos=(378,564) 7x8 trim_off=(0,0) → new proto#853 7x8
CC#0942 NEW    pos=(385,561) 7x11 trim_off=(0,0) → new proto#854 7x11
CC#0943 NEW    pos=(388,584) 11x8 trim_off=(0,0) → new proto#855 11x8
CC#0944 NEW    pos=(399,561) 14x11 trim_off=(0,0) → new proto#856 14x11
CC#0945 NEW    pos=(400,584) 7x11 trim_off=(0,0) → new proto#857 7x11
CC#0946 NEW    pos=(413,564) 7x8 trim_off=(0,0) → new proto#858 7x8
CC#0947 NEW    pos=(413,584) 7x8 trim_off=(0,0) → new proto#859 7x8
CC#0948 EXACT  pos=(421,581) 3x2 → proto#585 3x2
CC#0949 NEW    pos=(421,584) 3x8 trim_off=(0,0) → new proto#860 3x8
CC#0950 NEW    pos=(425,584) 7x8 trim_off=(0,0) → new proto#861 7x8
CC#0951 NEW    pos=(426,561) 16x11 trim_off=(0,0) → new proto#862 16x11
CC#0952 NEW    pos=(433,584) 9x8 trim_off=(0,0) → new proto#863 9x8
CC#0953 NEW    pos=(442,564) 12x12 trim_off=(0,0) → new proto#864 12x12
CC#0954 NEW    pos=(443,584) 6x8 trim_off=(0,0) → new proto#865 6x8
CC#0955 LOSSY  pos=(449,589) 3x3 → proto#190 3x3 err=1 dx=0 dy=0
CC#0956 EXACT  pos=(451,561) 2x3 → proto#847 2x3
CC#0957 NEW    pos=(455,564) 5x8 trim_off=(0,0) → new proto#866 5x8
CC#0958 LOSSY  pos=(461,561) 3x11 → proto#576 3x11 err=2 dx=0 dy=0
CC#0959 LOSSY  pos=(465,564) 8x8 → proto#258 8x8 err=3 dx=0 dy=0
CC#0960 NEW    pos=(469,580) 17x12 trim_off=(0,0) → new proto#867 17x12
CC#0961 NEW    pos=(473,563) 5x9 trim_off=(0,0) → new proto#868 5x9
CC#0962 NEW    pos=(478,564) 7x8 trim_off=(0,0) → new proto#869 7x8
CC#0963 NEW    pos=(486,564) 13x8 trim_off=(0,0) → new proto#870 13x8
CC#0964 NEW    pos=(487,584) 6x8 trim_off=(0,0) → new proto#871 6x8
CC#0965 NEW    pos=(494,584) 7x11 trim_off=(0,0) → new proto#872 7x11
CC#0966 LOSSY  pos=(505,561) 3x11 → proto#689 3x11 err=1 dx=0 dy=0
CC#0967 NEW    pos=(507,584) 10x8 trim_off=(0,0) → new proto#873 10x8
CC#0968 NEW    pos=(509,564) 8x8 trim_off=(0,0) → new proto#874 8x8
CC#0969 NEW    pos=(517,584) 7x8 trim_off=(0,0) → new proto#875 7x8
CC#0970 NEW    pos=(524,584) 13x8 trim_off=(0,0) → new proto#876 13x8
CC#0971 NEW    pos=(526,561) 6x11 trim_off=(0,0) → new proto#877 6x11
CC#0972 NEW    pos=(533,561) 7x11 trim_off=(0,0) → new proto#878 7x11
CC#0973 NEW    pos=(541,562) 7x10 trim_off=(0,0) → new proto#879 7x10
CC#0974 NEW    pos=(545,584) 11x8 trim_off=(0,0) → new proto#880 11x8
CC#0975 NEW    pos=(549,561) 7x11 trim_off=(0,0) → new proto#881 7x11
CC#0976 NEW    pos=(557,570) 3x5 trim_off=(0,0) → new proto#882 3x5
CC#0977 NEW    pos=(557,584) 15x8 trim_off=(0,0) → new proto#883 15x8
CC#0978 NEW    pos=(566,564) 7x8 trim_off=(0,0) → new proto#884 7x8
CC#0979 NEW    pos=(577,584) 10x8 trim_off=(0,0) → new proto#885 10x8
CC#0980 NEW    pos=(578,564) 13x8 trim_off=(0,0) → new proto#886 13x8
CC#0981 NEW    pos=(588,580) 8x12 trim_off=(0,0) → new proto#887 8x12
CC#0982 LOSSY  pos=(591,561) 4x11 → proto#269 4x11 err=1 dx=0 dy=0
CC#0983 NEW    pos=(596,561) 6x11 trim_off=(0,0) → new proto#888 6x11
CC#0984 NEW    pos=(596,584) 8x8 trim_off=(0,0) → new proto#889 8x8
CC#0985 NEW    pos=(602,568) 3x2 trim_off=(0,0) → new proto#890 3x2
CC#0986 NEW    pos=(606,565) 14x8 trim_off=(0,0) → new proto#891 14x8
CC#0987 NEW    pos=(609,581) 15x11 trim_off=(0,0) → new proto#892 15x11
CC#0988 NEW    pos=(620,565) 13x8 trim_off=(0,0) → new proto#893 13x8
CC#0989 NEW    pos=(625,581) 7x11 trim_off=(0,0) → new proto#894 7x11
CC#0990 NEW    pos=(74,603) 15x9 trim_off=(0,0) → new proto#895 15x9
CC#0991 NEW    pos=(74,623) 14x8 trim_off=(0,0) → new proto#896 14x8
CC#0992 NEW    pos=(90,604) 7x8 trim_off=(0,0) → new proto#897 7x8
CC#0993 NEW    pos=(96,623) 31x8 trim_off=(0,0) → new proto#898 31x8
CC#0994 NEW    pos=(97,604) 6x8 trim_off=(0,0) → new proto#899 6x8
CC#0995 NEW    pos=(104,600) 19x12 trim_off=(0,0) → new proto#900 19x12
CC#0996 NEW    pos=(128,620) 8x11 trim_off=(0,0) → new proto#901 8x11
CC#0997 NEW    pos=(129,603) 8x8 trim_off=(0,0) → new proto#902 8x8
CC#0998 NEW    pos=(137,604) 6x7 trim_off=(0,0) → new proto#903 6x7
CC#0999 LOSSY  pos=(137,623) 6x8 → proto#701 6x8 err=2 dx=0 dy=0
CC#1000 NEW    pos=(144,623) 12x8 trim_off=(0,0) → new proto#904 12x8
CC#1001 NEW    pos=(148,603) 7x9 trim_off=(0,0) → new proto#905 7x9
CC#1002 NEW    pos=(156,604) 7x11 trim_off=(0,0) → new proto#906 7x11
CC#1003 LOSSY  pos=(161,623) 7x8 → proto#525 7x8 err=2 dx=0 dy=0
CC#1004 NEW    pos=(164,604) 8x11 trim_off=(0,0) → new proto#907 8x11
CC#1005 NEW    pos=(169,620) 6x11 trim_off=(0,0) → new proto#908 6x11
CC#1006 NEW    pos=(172,604) 13x7 trim_off=(0,0) → new proto#909 13x7
CC#1007 LOSSY  pos=(183,621) 5x10 → proto#474 5x10 err=2 dx=0 dy=0
CC#1008 NEW    pos=(186,604) 7x7 trim_off=(0,0) → new proto#910 7x7
CC#1009 LOSSY  pos=(188,620) 8x11 → proto#496 8x11 err=4 dx=0 dy=0
CC#1010 NEW    pos=(193,600) 15x12 trim_off=(0,0) → new proto#911 15x12
CC#1011 LOSSY  pos=(197,623) 6x8 → proto#701 6x8 err=2 dx=0 dy=0
CC#1012 NEW    pos=(213,620) 9x11 trim_off=(0,0) → new proto#912 9x11
CC#1013 NEW    pos=(216,602) 5x9 trim_off=(0,0) → new proto#913 5x9
CC#1014 NEW    pos=(221,600) 8x11 trim_off=(0,0) → new proto#914 8x11
CC#1015 NEW    pos=(223,623) 6x8 trim_off=(0,0) → new proto#915 6x8
CC#1016 NEW    pos=(230,604) 7x7 trim_off=(0,0) → new proto#916 7x7
CC#1017 NEW    pos=(230,620) 11x15 trim_off=(0,0) → new proto#917 11x15
CC#1018 NEW    pos=(242,603) 19x8 trim_off=(0,0) → new proto#918 19x8
CC#1019 NEW    pos=(242,623) 6x8 trim_off=(0,0) → new proto#919 6x8
CC#1020 LOSSY  pos=(248,620) 4x11 → proto#269 4x11 err=2 dx=0 dy=0
CC#1021 NEW    pos=(253,623) 7x8 trim_off=(0,0) → new proto#920 7x8
CC#1022 NEW    pos=(260,621) 5x10 trim_off=(0,0) → new proto#921 5x10
CC#1023 NEW    pos=(262,604) 7x7 trim_off=(0,0) → new proto#922 7x7
CC#1024 NEW    pos=(266,623) 7x8 trim_off=(0,0) → new proto#923 7x8
CC#1025 EXACT  pos=(269,600) 4x11 → proto#382 4x11
CC#1026 NEW    pos=(274,604) 7x7 trim_off=(0,0) → new proto#924 7x7
CC#1027 NEW    pos=(274,623) 13x8 trim_off=(0,0) → new proto#925 13x8
CC#1028 NEW    pos=(282,602) 4x9 trim_off=(0,0) → new proto#926 4x9
CC#1029 LOSSY  pos=(287,604) 4x7 → proto#592 4x7 err=1 dx=0 dy=0
CC#1030 EXACT  pos=(287,629) 3x5 → proto#794 3x5
CC#1031 EXACT  pos=(288,600) 2x3 → proto#847 2x3
CC#1032 NEW    pos=(291,604) 8x8 trim_off=(0,0) → new proto#927 8x8
CC#1033 EXACT  pos=(297,620) 3x2 → proto#499 3x2
CC#1034 NEW    pos=(297,623) 3x8 trim_off=(0,0) → new proto#928 3x8
CC#1035 NEW    pos=(299,604) 8x7 trim_off=(0,0) → new proto#929 8x7
CC#1036 NEW    pos=(300,623) 9x8 trim_off=(0,0) → new proto#930 9x8
CC#1037 LOSSY  pos=(308,604) 5x7 → proto#739 5x7 err=2 dx=0 dy=0
CC#1038 NEW    pos=(318,623) 12x8 trim_off=(0,0) → new proto#931 12x8
CC#1039 NEW    pos=(319,600) 14x11 trim_off=(0,0) → new proto#932 14x11
CC#1040 NEW    pos=(331,623) 15x12 trim_off=(0,0) → new proto#933 15x12
CC#1041 NEW    pos=(340,600) 13x11 trim_off=(0,0) → new proto#934 13x11
CC#1042 NEW    pos=(347,620) 3x11 trim_off=(0,0) → new proto#935 3x11
CC#1043 NEW    pos=(351,623) 14x8 trim_off=(0,0) → new proto#936 14x8
CC#1044 NEW    pos=(354,604) 7x8 trim_off=(0,0) → new proto#937 7x8
CC#1045 NEW    pos=(366,600) 17x12 trim_off=(0,0) → new proto#938 17x12
CC#1046 NEW    pos=(373,623) 13x8 trim_off=(0,0) → new proto#939 13x8
CC#1047 NEW    pos=(383,604) 8x8 trim_off=(0,0) → new proto#940 8x8
CC#1048 NEW    pos=(387,623) 11x8 trim_off=(0,0) → new proto#941 11x8
CC#1049 NEW    pos=(391,604) 8x7 trim_off=(0,0) → new proto#942 8x7
CC#1050 NEW    pos=(399,604) 7x8 trim_off=(0,0) → new proto#943 7x8
CC#1051 NEW    pos=(399,620) 4x11 trim_off=(0,0) → new proto#944 4x11
CC#1052 NEW    pos=(403,623) 19x11 trim_off=(0,0) → new proto#945 19x11
CC#1053 LOSSY  pos=(406,604) 8x7 → proto#929 8x7 err=1 dx=0 dy=0
CC#1054 NEW    pos=(414,602) 6x10 trim_off=(0,0) → new proto#946 6x10
CC#1055 LOSSY  pos=(420,600) 3x3 → proto#190 3x3 err=1 dx=0 dy=0
CC#1056 LOSSY  pos=(420,604) 4x8 → proto#406 4x8 err=2 dx=0 dy=0
CC#1057 LOSSY  pos=(424,604) 8x8 → proto#708 8x8 err=2 dx=0 dy=0
CC#1058 EXACT  pos=(428,620) 4x3 → proto#233 4x3
CC#1059 NEW    pos=(428,623) 13x8 trim_off=(0,0) → new proto#947 13x8
CC#1060 NEW    pos=(432,604) 7x8 trim_off=(0,0) → new proto#948 7x8
CC#1061 NEW    pos=(445,604) 7x8 trim_off=(0,0) → new proto#949 7x8
CC#1062 NEW    pos=(450,620) 13x11 trim_off=(0,0) → new proto#950 13x11
CC#1063 NEW    pos=(453,600) 6x12 trim_off=(0,0) → new proto#951 6x12
CC#1064 NEW    pos=(463,623) 7x8 trim_off=(0,0) → new proto#952 7x8
CC#1065 NEW    pos=(468,601) 5x11 trim_off=(0,0) → new proto#953 5x11
CC#1066 NEW    pos=(475,601) 7x11 trim_off=(0,0) → new proto#954 7x11
CC#1067 NEW    pos=(480,623) 20x8 trim_off=(0,0) → new proto#955 20x8
CC#1068 NEW    pos=(483,601) 7x11 trim_off=(0,0) → new proto#956 7x11
CC#1069 NEW    pos=(491,601) 7x10 trim_off=(0,0) → new proto#957 7x10
CC#1070 NEW    pos=(498,609) 3x6 trim_off=(0,0) → new proto#958 3x6
CC#1071 NEW    pos=(500,620) 12x15 trim_off=(0,0) → new proto#959 12x15
CC#1072 NEW    pos=(507,604) 7x8 trim_off=(0,0) → new proto#960 7x8
CC#1073 NEW    pos=(515,600) 16x12 trim_off=(0,0) → new proto#961 16x12
CC#1074 NEW    pos=(517,623) 16x12 trim_off=(0,0) → new proto#962 16x12
CC#1075 NEW    pos=(533,621) 12x10 trim_off=(0,0) → new proto#963 12x10
CC#1076 LOSSY  pos=(539,600) 3x3 → proto#190 3x3 err=1 dx=0 dy=0
CC#1077 NEW    pos=(539,604) 4x8 trim_off=(0,0) → new proto#964 4x8
CC#1078 NEW    pos=(543,604) 8x8 trim_off=(0,0) → new proto#965 8x8
CC#1079 NEW    pos=(552,604) 5x8 trim_off=(0,0) → new proto#966 5x8
CC#1080 NEW    pos=(553,623) 8x8 trim_off=(0,0) → new proto#967 8x8
CC#1081 NEW    pos=(558,602) 5x10 trim_off=(0,0) → new proto#968 5x10
CC#1082 NEW    pos=(561,620) 7x11 trim_off=(0,0) → new proto#969 7x11
CC#1083 NEW    pos=(564,604) 12x8 trim_off=(0,0) → new proto#970 12x8
CC#1084 NEW    pos=(575,621) 5x10 trim_off=(0,0) → new proto#971 5x10
CC#1085 NEW    pos=(577,600) 26x12 trim_off=(0,0) → new proto#972 26x12
CC#1086 NEW    pos=(581,620) 8x11 trim_off=(0,0) → new proto#973 8x11
CC#1087 NEW    pos=(589,624) 7x8 trim_off=(0,0) → new proto#974 7x8
CC#1088 NEW    pos=(604,624) 7x11 trim_off=(0,0) → new proto#975 7x11
CC#1089 NEW    pos=(610,604) 11x8 trim_off=(0,0) → new proto#976 11x8
CC#1090 NEW    pos=(612,624) 6x8 trim_off=(0,0) → new proto#977 6x8
CC#1091 NEW    pos=(619,624) 7x8 trim_off=(0,0) → new proto#978 7x8
CC#1092 NEW    pos=(622,604) 6x8 trim_off=(0,0) → new proto#979 6x8
CC#1093 NEW    pos=(627,624) 6x7 trim_off=(0,0) → new proto#980 6x7
CC#1094 NEW    pos=(629,610) 3x5 trim_off=(0,0) → new proto#981 3x5
CC#1095 NEW    pos=(74,662) 6x8 trim_off=(0,0) → new proto#982 6x8
CC#1096 NEW    pos=(76,640) 5x11 trim_off=(0,0) → new proto#983 5x11
CC#1097 NEW    pos=(81,660) 19x10 trim_off=(0,0) → new proto#984 19x10
CC#1098 NEW    pos=(83,640) 7x11 trim_off=(0,0) → new proto#985 7x11
CC#1099 NEW    pos=(91,640) 7x11 trim_off=(0,0) → new proto#986 7x11
CC#1100 NEW    pos=(98,640) 8x11 trim_off=(0,0) → new proto#987 8x11
CC#1101 NEW    pos=(100,660) 12x11 trim_off=(0,0) → new proto#988 12x11
CC#1102 EXACT  pos=(106,648) 3x3 → proto#591 3x3
CC#1103 NEW    pos=(113,659) 14x12 trim_off=(0,0) → new proto#989 14x12
CC#1104 NEW    pos=(126,639) 9x12 trim_off=(0,0) → new proto#990 9x12
CC#1105 NEW    pos=(132,663) 12x8 trim_off=(0,0) → new proto#991 12x8
CC#1106 NEW    pos=(135,643) 8x8 trim_off=(0,0) → new proto#992 8x8
CC#1107 NEW    pos=(145,662) 6x9 trim_off=(0,0) → new proto#993 6x9
CC#1108 NEW    pos=(148,639) 14x12 trim_off=(0,0) → new proto#994 14x12
CC#1109 EXACT  pos=(157,659) 3x3 → proto#591 3x3
CC#1110 NEW    pos=(157,663) 13x8 trim_off=(0,0) → new proto#995 13x8
CC#1111 NEW    pos=(162,643) 7x8 trim_off=(0,0) → new proto#996 7x8
CC#1112 NEW    pos=(169,643) 12x8 trim_off=(0,0) → new proto#997 12x8
CC#1113 NEW    pos=(175,659) 13x12 trim_off=(0,0) → new proto#998 13x12
CC#1114 NEW    pos=(187,639) 6x12 trim_off=(0,0) → new proto#999 6x12
CC#1115 NEW    pos=(189,663) 10x8 trim_off=(0,0) → new proto#1000 10x8
CC#1116 EXACT  pos=(196,659) 3x3 → proto#468 3x3
CC#1117 NEW    pos=(200,663) 6x7 trim_off=(0,0) → new proto#1001 6x7
CC#1118 NEW    pos=(202,643) 20x11 trim_off=(0,0) → new proto#1002 20x11
CC#1119 NEW    pos=(209,659) 20x12 trim_off=(0,0) → new proto#1003 20x12
CC#1120 LOSSY  pos=(223,639) 4x12 → proto#438 4x12 err=2 dx=0 dy=0
CC#1121 EXACT  pos=(228,640) 3x2 → proto#499 3x2
CC#1122 NEW    pos=(228,643) 3x8 trim_off=(0,0) → new proto#1004 3x8
CC#1123 NEW    pos=(229,663) 11x8 trim_off=(0,0) → new proto#1005 11x8
CC#1124 NEW    pos=(232,639) 15x12 trim_off=(0,0) → new proto#1006 15x12
CC#1125 EXACT  pos=(237,659) 2x3 → proto#847 2x3
CC#1126 NEW    pos=(241,659) 11x11 trim_off=(0,0) → new proto#1007 11x11
CC#1127 EXACT  pos=(256,641) 5x10 → proto#169 5x10
CC#1128 NEW    pos=(258,662) 6x9 trim_off=(0,0) → new proto#1008 6x9
CC#1129 NEW    pos=(262,639) 7x12 trim_off=(0,0) → new proto#1009 7x12
CC#1130 NEW    pos=(265,659) 7x11 trim_off=(0,0) → new proto#1010 7x11
CC#1131 NEW    pos=(270,643) 7x8 trim_off=(0,0) → new proto#1011 7x8
CC#1132 LOSSY  pos=(273,663) 7x8 → proto#897 7x8 err=1 dx=0 dy=0
CC#1133 NEW    pos=(278,641) 5x10 trim_off=(0,0) → new proto#1012 5x10
CC#1134 LOSSY  pos=(280,663) 6x7 → proto#430 6x7 err=1 dx=0 dy=0
CC#1135 NEW    pos=(286,663) 7x7 trim_off=(0,0) → new proto#1013 7x7
CC#1136 NEW    pos=(293,639) 5x12 trim_off=(0,0) → new proto#1014 5x12
CC#1137 NEW    pos=(294,660) 11x11 trim_off=(0,0) → new proto#1015 11x11
CC#1138 NEW    pos=(304,639) 15x12 trim_off=(0,0) → new proto#1016 15x12
CC#1139 NEW    pos=(306,663) 6x8 trim_off=(0,0) → new proto#1017 6x8
CC#1140 NEW    pos=(313,663) 6x7 trim_off=(0,0) → new proto#1018 6x7
CC#1141 NEW    pos=(319,639) 15x12 trim_off=(0,0) → new proto#1019 15x12
CC#1142 NEW    pos=(324,660) 13x11 trim_off=(0,0) → new proto#1020 13x11
CC#1143 NEW    pos=(335,639) 20x12 trim_off=(0,0) → new proto#1021 20x12
CC#1144 NEW    pos=(342,663) 8x11 trim_off=(0,0) → new proto#1022 8x11
CC#1145 NEW    pos=(351,663) 20x8 trim_off=(0,0) → new proto#1023 20x8
CC#1146 NEW    pos=(365,641) 13x10 trim_off=(0,0) → new proto#1024 13x10
CC#1147 NEW    pos=(371,663) 8x8 trim_off=(0,0) → new proto#1025 8x8
CC#1148 NEW    pos=(379,663) 10x8 trim_off=(0,0) → new proto#1026 10x8
CC#1149 NEW    pos=(383,641) 5x10 trim_off=(0,0) → new proto#1027 5x10
CC#1150 NEW    pos=(388,639) 8x12 trim_off=(0,0) → new proto#1028 8x12
CC#1151 NEW    pos=(397,643) 7x8 trim_off=(0,0) → new proto#1029 7x8
CC#1152 NEW    pos=(409,639) 20x15 trim_off=(0,0) → new proto#1030 20x15
CC#1153 EXACT  pos=(430,640) 3x2 → proto#585 3x2
CC#1154 NEW    pos=(430,643) 11x8 trim_off=(0,0) → new proto#1031 11x8
CC#1155 LOSSY  pos=(440,643) 8x11 → proto#793 8x11 err=4 dx=0 dy=0
CC#1156 NEW    pos=(453,639) 29x16 trim_off=(0,0) → new proto#1032 29x16
CC#1157 NEW    pos=(487,639) 24x12 trim_off=(0,0) → new proto#1033 24x12
CC#1158 NEW    pos=(520,643) 12x8 trim_off=(0,0) → new proto#1034 12x8
CC#1159 NEW    pos=(533,640) 7x11 trim_off=(0,0) → new proto#1035 7x11
CC#1160 EXACT  pos=(541,640) 3x2 → proto#585 3x2
CC#1161 LOSSY  pos=(541,643) 3x8 → proto#586 3x8 err=2 dx=0 dy=0
CC#1162 NEW    pos=(545,643) 14x8 trim_off=(0,0) → new proto#1036 14x8
CC#1163 LOSSY  pos=(559,641) 5x10 → proto#921 5x10 err=1 dx=0 dy=0
CC#1164 NEW    pos=(564,640) 14x11 trim_off=(0,0) → new proto#1037 14x11
CC#1165 NEW    pos=(584,643) 7x8 trim_off=(0,0) → new proto#1038 7x8
CC#1166 NEW    pos=(592,643) 8x8 trim_off=(0,0) → new proto#1039 8x8
CC#1167 NEW    pos=(600,640) 8x11 trim_off=(0,0) → new proto#1040 8x11
CC#1168 EXACT  pos=(616,640) 3x3 → proto#591 3x3
CC#1169 NEW    pos=(616,644) 17x8 trim_off=(0,0) → new proto#1041 17x8
CC#1170 NEW    pos=(74,702) 15x8 trim_off=(0,0) → new proto#1042 15x8
CC#1171 EXACT  pos=(85,698) 4x3 → proto#423 4x3
CC#1172 NEW    pos=(90,698) 13x12 trim_off=(0,0) → new proto#1043 13x12
CC#1173 NEW    pos=(98,678) 8x6 trim_off=(0,0) → new proto#1044 8x6
CC#1174 NEW    pos=(103,702) 15x8 trim_off=(0,0) → new proto#1045 15x8
CC#1175 NEW    pos=(109,678) 6x12 trim_off=(0,0) → new proto#1046 6x12
CC#1176 LOSSY  pos=(119,700) 5x10 → proto#769 5x10 err=2 dx=0 dy=0
CC#1177 NEW    pos=(120,682) 8x11 trim_off=(0,0) → new proto#1047 8x11
CC#1178 NEW    pos=(129,682) 7x8 trim_off=(0,0) → new proto#1048 7x8
CC#1179 NEW    pos=(129,698) 8x12 trim_off=(0,0) → new proto#1049 8x12
CC#1180 EXACT  pos=(136,679) 3x2 → proto#570 3x2
CC#1181 NEW    pos=(137,682) 3x8 trim_off=(0,0) → new proto#1050 3x8
CC#1182 NEW    pos=(138,698) 18x12 trim_off=(0,0) → new proto#1051 18x12
CC#1183 NEW    pos=(141,682) 7x8 trim_off=(0,0) → new proto#1052 7x8
CC#1184 NEW    pos=(149,679) 20x11 trim_off=(0,0) → new proto#1053 20x11
CC#1185 NEW    pos=(157,698) 7x12 trim_off=(0,0) → new proto#1054 7x12
CC#1186 NEW    pos=(165,702) 5x7 trim_off=(0,0) → new proto#1055 5x7
CC#1187 LOSSY  pos=(165,707) 3x2 → proto#890 3x2 err=1 dx=0 dy=0
CC#1188 LOSSY  pos=(171,698) 8x12 → proto#475 8x12 err=4 dx=0 dy=0
CC#1189 NEW    pos=(175,682) 7x8 trim_off=(0,0) → new proto#1056 7x8
CC#1190 NEW    pos=(180,698) 14x12 trim_off=(0,0) → new proto#1057 14x12
CC#1191 NEW    pos=(182,682) 7x8 trim_off=(0,0) → new proto#1058 7x8
CC#1192 LOSSY  pos=(190,680) 5x10 → proto#253 5x10 err=2 dx=0 dy=0
CC#1193 LOSSY  pos=(200,702) 7x8 → proto#413 7x8 err=2 dx=0 dy=0
CC#1194 NEW    pos=(201,680) 5x10 trim_off=(0,0) → new proto#1059 5x10
CC#1195 NEW    pos=(206,679) 7x11 trim_off=(0,0) → new proto#1060 7x11
CC#1196 NEW    pos=(207,702) 6x8 trim_off=(0,0) → new proto#1061 6x8
CC#1197 NEW    pos=(215,682) 6x8 trim_off=(0,0) → new proto#1062 6x8
CC#1198 NEW    pos=(219,698) 7x12 trim_off=(0,0) → new proto#1063 7x12
CC#1199 NEW    pos=(226,702) 4x8 trim_off=(0,0) → new proto#1064 4x8
CC#1200 NEW    pos=(227,682) 11x8 trim_off=(0,0) → new proto#1065 11x8
CC#1201 EXACT  pos=(227,698) 3x3 → proto#180 3x3
CC#1202 NEW    pos=(231,702) 5x8 trim_off=(0,0) → new proto#1066 5x8
CC#1203 NEW    pos=(237,702) 7x8 trim_off=(0,0) → new proto#1067 7x8
CC#1204 NEW    pos=(239,679) 14x11 trim_off=(0,0) → new proto#1068 14x11
CC#1205 LOSSY  pos=(245,702) 5x7 → proto#739 5x7 err=2 dx=0 dy=0
CC#1206 NEW    pos=(251,700) 5x9 trim_off=(0,0) → new proto#1069 5x9
CC#1207 NEW    pos=(254,682) 7x8 trim_off=(0,0) → new proto#1070 7x8
CC#1208 LOSSY  pos=(256,702) 13x7 → proto#909 13x7 err=3 dx=0 dy=0
CC#1209 NEW    pos=(266,682) 3x8 trim_off=(0,0) → new proto#1071 3x8
CC#1210 NEW    pos=(270,702) 7x7 trim_off=(0,0) → new proto#1072 7x7
CC#1211 NEW    pos=(271,682) 8x8 trim_off=(0,0) → new proto#1073 8x8
CC#1212 NEW    pos=(278,701) 6x9 trim_off=(0,0) → new proto#1074 6x9
CC#1213 NEW    pos=(284,682) 10x8 trim_off=(0,0) → new proto#1075 10x8
CC#1214 NEW    pos=(290,702) 21x8 trim_off=(0,0) → new proto#1076 21x8
CC#1215 NEW    pos=(295,679) 7x11 trim_off=(0,0) → new proto#1077 7x11
CC#1216 LOSSY  pos=(303,679) 4x11 → proto#791 4x11 err=1 dx=0 dy=0
CC#1217 NEW    pos=(308,678) 14x12 trim_off=(0,0) → new proto#1078 14x12
CC#1218 NEW    pos=(312,702) 15x8 trim_off=(0,0) → new proto#1079 15x8
CC#1219 NEW    pos=(328,680) 5x10 trim_off=(0,0) → new proto#1080 5x10
CC#1220 NEW    pos=(328,698) 4x12 trim_off=(0,0) → new proto#1081 4x12
CC#1221 LOSSY  pos=(333,679) 8x11 → proto#161 8x11 err=1 dx=0 dy=0
CC#1222 NEW    pos=(333,702) 5x8 trim_off=(0,0) → new proto#1082 5x8
CC#1223 LOSSY  pos=(339,698) 3x3 → proto#190 3x3 err=1 dx=0 dy=0
CC#1224 NEW    pos=(339,702) 3x8 trim_off=(0,0) → new proto#1083 3x8
CC#1225 NEW    pos=(341,679) 11x11 trim_off=(0,0) → new proto#1084 11x11
CC#1226 NEW    pos=(343,702) 7x8 trim_off=(0,0) → new proto#1085 7x8
CC#1227 NEW    pos=(351,702) 7x8 trim_off=(0,0) → new proto#1086 7x8
CC#1228 NEW    pos=(352,682) 6x8 trim_off=(0,0) → new proto#1087 6x8
CC#1229 NEW    pos=(359,708) 3x5 trim_off=(0,0) → new proto#1088 3x5
CC#1230 NEW    pos=(364,683) 7x11 trim_off=(0,0) → new proto#1089 7x11
CC#1231 NEW    pos=(368,699) 8x11 trim_off=(0,0) → new proto#1090 8x11
CC#1232 NEW    pos=(372,683) 7x7 trim_off=(0,0) → new proto#1091 7x7
CC#1233 NEW    pos=(377,702) 7x8 trim_off=(0,0) → new proto#1092 7x8
CC#1234 NEW    pos=(380,679) 3x11 trim_off=(0,0) → new proto#1093 3x11
CC#1235 EXACT  pos=(384,679) 3x3 → proto#190 3x3
CC#1236 LOSSY  pos=(384,683) 4x7 → proto#592 4x7 err=1 dx=0 dy=0
CC#1237 NEW    pos=(384,700) 5x10 trim_off=(0,0) → new proto#1094 5x10
CC#1238 NEW    pos=(388,683) 7x7 trim_off=(0,0) → new proto#1095 7x7
CC#1239 NEW    pos=(395,683) 7x11 trim_off=(0,0) → new proto#1096 7x11
CC#1240 NEW    pos=(395,699) 4x11 trim_off=(0,0) → new proto#1097 4x11
CC#1241 NEW    pos=(399,702) 8x8 trim_off=(0,0) → new proto#1098 8x8
CC#1242 NEW    pos=(408,682) 6x9 trim_off=(0,0) → new proto#1099 6x9
CC#1243 NEW    pos=(415,683) 7x8 trim_off=(0,0) → new proto#1100 7x8
CC#1244 NEW    pos=(416,700) 12x10 trim_off=(0,0) → new proto#1101 12x10
CC#1245 LOSSY  pos=(422,683) 8x8 → proto#379 8x8 err=2 dx=0 dy=0
CC#1246 NEW    pos=(428,703) 18x7 trim_off=(0,0) → new proto#1102 18x7
CC#1247 NEW    pos=(430,679) 4x12 trim_off=(0,0) → new proto#1103 4x12
CC#1248 NEW    pos=(435,679) 7x12 trim_off=(0,0) → new proto#1104 7x12
CC#1249 NEW    pos=(443,689) 3x5 trim_off=(0,0) → new proto#1105 3x5
CC#1250 NEW    pos=(446,702) 6x8 trim_off=(0,0) → new proto#1106 6x8
CC#1251 NEW    pos=(452,680) 4x11 trim_off=(0,0) → new proto#1107 4x11
CC#1252 NEW    pos=(456,683) 8x8 trim_off=(0,0) → new proto#1108 8x8
CC#1253 NEW    pos=(458,703) 7x8 trim_off=(0,0) → new proto#1109 7x8
CC#1254 NEW    pos=(465,699) 7x12 trim_off=(0,0) → new proto#1110 7x12
CC#1255 NEW    pos=(470,683) 11x8 trim_off=(0,0) → new proto#1111 11x8
CC#1256 NEW    pos=(480,700) 12x11 trim_off=(0,0) → new proto#1112 12x11
CC#1257 NEW    pos=(482,683) 8x12 trim_off=(0,0) → new proto#1113 8x12
CC#1258 NEW    pos=(488,699) 4x3 trim_off=(0,0) → new proto#1114 4x3
CC#1259 NEW    pos=(493,701) 5x10 trim_off=(0,0) → new proto#1115 5x10
CC#1260 NEW    pos=(495,683) 7x8 trim_off=(0,0) → new proto#1116 7x8
CC#1261 NEW    pos=(499,701) 4x10 trim_off=(0,0) → new proto#1117 4x10
CC#1262 NEW    pos=(502,683) 8x12 trim_off=(0,0) → new proto#1118 8x12
CC#1263 NEW    pos=(504,703) 6x8 trim_off=(0,0) → new proto#1119 6x8
CC#1264 EXACT  pos=(511,680) 3x3 → proto#681 3x3
CC#1265 LOSSY  pos=(511,684) 4x7 → proto#592 4x7 err=1 dx=0 dy=0
CC#1266 NEW    pos=(511,703) 6x8 trim_off=(0,0) → new proto#1120 6x8
CC#1267 NEW    pos=(515,684) 8x7 trim_off=(0,0) → new proto#1121 8x7
CC#1268 NEW    pos=(522,703) 20x8 trim_off=(0,0) → new proto#1122 20x8
CC#1269 EXACT  pos=(524,680) 3x3 → proto#468 3x3
CC#1270 NEW    pos=(524,684) 3x7 trim_off=(0,0) → new proto#1123 3x7
CC#1271 NEW    pos=(528,684) 15x8 trim_off=(0,0) → new proto#1124 15x8
CC#1272 NEW    pos=(542,704) 14x7 trim_off=(0,0) → new proto#1125 14x7
CC#1273 NEW    pos=(544,689) 3x6 trim_off=(0,0) → new proto#1126 3x6
CC#1274 NEW    pos=(553,680) 15x12 trim_off=(0,0) → new proto#1127 15x12
CC#1275 NEW    pos=(565,700) 10x11 trim_off=(0,0) → new proto#1128 10x11
CC#1276 NEW    pos=(576,684) 6x8 trim_off=(0,0) → new proto#1129 6x8
CC#1277 NEW    pos=(577,700) 3x11 trim_off=(0,0) → new proto#1130 3x11
CC#1278 LOSSY  pos=(581,704) 7x7 → proto#665 7x7 err=1 dx=0 dy=0
CC#1279 NEW    pos=(583,690) 3x2 trim_off=(0,0) → new proto#1131 3x2
CC#1280 NEW    pos=(584,684) 6x8 trim_off=(0,0) → new proto#1132 6x8
CC#1281 NEW    pos=(589,700) 7x12 trim_off=(0,0) → new proto#1133 7x12
CC#1282 NEW    pos=(591,684) 6x8 trim_off=(0,0) → new proto#1134 6x8
CC#1283 NEW    pos=(597,704) 6x8 trim_off=(0,0) → new proto#1135 6x8
CC#1284 NEW    pos=(598,684) 6x8 trim_off=(0,0) → new proto#1136 6x8
CC#1285 NEW    pos=(604,700) 7x12 trim_off=(0,0) → new proto#1137 7x12
CC#1286 NEW    pos=(605,684) 7x8 trim_off=(0,0) → new proto#1138 7x8
CC#1287 LOSSY  pos=(613,682) 4x10 → proto#1117 4x10 err=2 dx=0 dy=0
CC#1288 NEW    pos=(618,680) 14x12 trim_off=(0,0) → new proto#1139 14x12
CC#1289 NEW    pos=(619,702) 14x10 trim_off=(0,0) → new proto#1140 14x10
CC#1290 NEW    pos=(74,721) 6x8 trim_off=(0,0) → new proto#1141 6x8
CC#1291 NEW    pos=(74,737) 4x11 trim_off=(0,0) → new proto#1142 4x11
CC#1292 EXACT  pos=(79,737) 3x3 → proto#591 3x3
CC#1293 NEW    pos=(79,737) 11x12 trim_off=(0,0) → new proto#1143 11x12
CC#1294 NEW    pos=(81,721) 7x8 trim_off=(0,0) → new proto#1144 7x8
CC#1295 NEW    pos=(89,721) 6x8 trim_off=(0,0) → new proto#1145 6x8
CC#1296 NEW    pos=(89,741) 7x8 trim_off=(0,0) → new proto#1146 7x8
CC#1297 NEW    pos=(95,717) 8x12 trim_off=(0,0) → new proto#1147 8x12
CC#1298 NEW    pos=(101,740) 8x12 trim_off=(0,0) → new proto#1148 8x12
CC#1299 NEW    pos=(109,721) 7x8 trim_off=(0,0) → new proto#1149 7x8
CC#1300 NEW    pos=(109,741) 14x7 trim_off=(0,0) → new proto#1150 14x7
CC#1301 NEW    pos=(116,721) 6x8 trim_off=(0,0) → new proto#1151 6x8
CC#1302 NEW    pos=(123,737) 22x12 trim_off=(0,0) → new proto#1152 22x12
CC#1303 NEW    pos=(133,721) 10x8 trim_off=(0,0) → new proto#1153 10x8
CC#1304 NEW    pos=(144,721) 15x8 trim_off=(0,0) → new proto#1154 15x8
CC#1305 NEW    pos=(151,741) 12x8 trim_off=(0,0) → new proto#1155 12x8
CC#1306 LOSSY  pos=(159,718) 4x11 → proto#269 4x11 err=2 dx=0 dy=0
CC#1307 LOSSY  pos=(163,741) 7x8 → proto#593 7x8 err=1 dx=0 dy=0
CC#1308 NEW    pos=(164,718) 8x11 trim_off=(0,0) → new proto#1156 8x11
CC#1309 LOSSY  pos=(175,738) 13x11 → proto#1020 13x11 err=7 dx=0 dy=0
CC#1310 NEW    pos=(180,718) 12x11 trim_off=(0,0) → new proto#1157 12x11
CC#1311 NEW    pos=(193,721) 6x8 trim_off=(0,0) → new proto#1158 6x8
CC#1312 NEW    pos=(193,738) 8x11 trim_off=(0,0) → new proto#1159 8x11
CC#1313 NEW    pos=(199,721) 7x8 trim_off=(0,0) → new proto#1160 7x8
CC#1314 NEW    pos=(202,741) 7x8 trim_off=(0,0) → new proto#1161 7x8
CC#1315 NEW    pos=(207,717) 4x12 trim_off=(0,0) → new proto#1162 4x12
CC#1316 NEW    pos=(211,720) 6x9 trim_off=(0,0) → new proto#1163 6x9
CC#1317 NEW    pos=(214,741) 7x8 trim_off=(0,0) → new proto#1164 7x8
CC#1318 NEW    pos=(225,721) 12x8 trim_off=(0,0) → new proto#1165 12x8
CC#1319 NEW    pos=(226,737) 8x12 trim_off=(0,0) → new proto#1166 8x12
CC#1320 LOSSY  pos=(234,741) 7x8 → proto#593 7x8 err=2 dx=0 dy=0
CC#1321 NEW    pos=(238,721) 7x8 trim_off=(0,0) → new proto#1167 7x8
CC#1322 NEW    pos=(241,738) 38x11 trim_off=(0,0) → new proto#1168 38x11
CC#1323 NEW    pos=(250,718) 14x11 trim_off=(0,0) → new proto#1169 14x11
CC#1324 EXACT  pos=(265,719) 5x10 → proto#921 5x10
CC#1325 NEW    pos=(270,718) 8x11 trim_off=(0,0) → new proto#1170 8x11
CC#1326 NEW    pos=(284,721) 7x8 trim_off=(0,0) → new proto#1171 7x8
CC#1327 NEW    pos=(300,718) 15x11 trim_off=(0,0) → new proto#1172 15x11
CC#1328 NEW    pos=(316,721) 5x8 trim_off=(0,0) → new proto#1173 5x8
CC#1329 EXACT  pos=(322,718) 3x3 → proto#190 3x3
CC#1330 NEW    pos=(322,722) 4x7 trim_off=(0,0) → new proto#1174 4x7
CC#1331 NEW    pos=(326,721) 13x9 trim_off=(0,0) → new proto#1175 13x9
CC#1332 NEW    pos=(348,721) 13x9 trim_off=(0,0) → new proto#1176 13x9
CC#1333 NEW    pos=(369,718) 7x12 trim_off=(0,0) → new proto#1177 7x12
CC#1334 NEW    pos=(377,721) 13x9 trim_off=(0,0) → new proto#1178 13x9
CC#1335 LOSSY  pos=(390,720) 5x10 → proto#169 5x10 err=2 dx=0 dy=0
CC#1336 NEW    pos=(396,722) 13x8 trim_off=(0,0) → new proto#1179 13x8
CC#1337 NEW    pos=(409,722) 7x11 trim_off=(0,0) → new proto#1180 7x11
CC#1338 LOSSY  pos=(422,720) 5x10 → proto#968 5x10 err=2 dx=0 dy=0
CC#1339 NEW    pos=(427,718) 8x12 trim_off=(0,0) → new proto#1181 8x12
CC#1340 NEW    pos=(435,722) 7x8 trim_off=(0,0) → new proto#1182 7x8
CC#1341 NEW    pos=(450,718) 11x12 trim_off=(0,0) → new proto#1183 11x12
CC#1342 NEW    pos=(461,719) 32x15 trim_off=(0,0) → new proto#1184 32x15
CC#1343 NEW    pos=(499,719) 6x12 trim_off=(0,0) → new proto#1185 6x12
CC#1344 NEW    pos=(505,723) 7x8 trim_off=(0,0) → new proto#1186 7x8
CC#1345 LOSSY  pos=(513,723) 6x8 → proto#766 6x8 err=2 dx=0 dy=0
CC#1346 NEW    pos=(524,723) 10x8 trim_off=(0,0) → new proto#1187 10x8
CC#1347 NEW    pos=(534,719) 8x12 trim_off=(0,0) → new proto#1188 8x12
CC#1348 NEW    pos=(543,719) 3x3 trim_off=(0,0) → new proto#1189 3x3
CC#1349 LOSSY  pos=(543,723) 3x8 → proto#586 3x8 err=2 dx=0 dy=0
CC#1350 NEW    pos=(547,719) 14x12 trim_off=(0,0) → new proto#1190 14x12
CC#1351 NEW    pos=(570,723) 11x8 trim_off=(0,0) → new proto#1191 11x8
CC#1352 NEW    pos=(582,723) 7x11 trim_off=(0,0) → new proto#1192 7x11
CC#1353 NEW    pos=(595,723) 9x8 trim_off=(0,0) → new proto#1193 9x8
CC#1354 NEW    pos=(605,720) 8x11 trim_off=(0,0) → new proto#1194 8x11
CC#1355 NEW    pos=(614,723) 7x8 trim_off=(0,0) → new proto#1195 7x8
CC#1356 NEW    pos=(621,720) 11x11 trim_off=(0,0) → new proto#1196 11x11
CC#1357 NEW    pos=(74,779) 12x9 trim_off=(0,0) → new proto#1197 12x9
CC#1358 LOSSY  pos=(86,780) 8x11 → proto#528 8x11 err=4 dx=0 dy=0
CC#1359 NEW    pos=(98,757) 3x5 trim_off=(0,0) → new proto#1198 3x5
CC#1360 LOSSY  pos=(99,776) 6x12 → proto#709 6x12 err=3 dx=0 dy=0
CC#1361 NEW    pos=(102,757) 4x5 trim_off=(0,0) → new proto#1199 4x5
CC#1362 NEW    pos=(105,780) 7x8 trim_off=(0,0) → new proto#1200 7x8
CC#1363 NEW    pos=(109,756) 10x12 trim_off=(0,0) → new proto#1201 10x12
CC#1364 NEW    pos=(113,778) 4x9 trim_off=(0,0) → new proto#1202 4x9
CC#1365 NEW    pos=(118,776) 7x12 trim_off=(0,0) → new proto#1203 7x12
CC#1366 NEW    pos=(119,760) 7x8 trim_off=(0,0) → new proto#1204 7x8
CC#1367 NEW    pos=(126,780) 6x8 trim_off=(0,0) → new proto#1205 6x8
CC#1368 NEW    pos=(127,757) 13x11 trim_off=(0,0) → new proto#1206 13x11
CC#1369 NEW    pos=(133,780) 6x8 trim_off=(0,0) → new proto#1207 6x8
CC#1370 NEW    pos=(140,760) 8x8 trim_off=(0,0) → new proto#1208 8x8
CC#1371 NEW    pos=(144,780) 16x8 trim_off=(0,0) → new proto#1209 16x8
CC#1372 LOSSY  pos=(148,760) 8x8 → proto#208 8x8 err=2 dx=0 dy=0
CC#1373 NEW    pos=(160,776) 8x12 trim_off=(0,0) → new proto#1210 8x12
CC#1374 LOSSY  pos=(164,758) 5x10 → proto#253 5x10 err=2 dx=0 dy=0
CC#1375 NEW    pos=(169,757) 8x11 trim_off=(0,0) → new proto#1211 8x11
CC#1376 NEW    pos=(173,780) 12x7 trim_off=(0,0) → new proto#1212 12x7
CC#1377 NEW    pos=(178,760) 7x8 trim_off=(0,0) → new proto#1213 7x8
CC#1378 LOSSY  pos=(185,780) 8x11 → proto#528 8x11 err=3 dx=0 dy=0
CC#1379 NEW    pos=(190,760) 22x12 trim_off=(0,0) → new proto#1214 22x12
CC#1380 NEW    pos=(198,780) 4x7 trim_off=(0,0) → new proto#1215 4x7
CC#1381 NEW    pos=(202,780) 4x8 trim_off=(0,0) → new proto#1216 4x8
CC#1382 NEW    pos=(206,780) 8x8 trim_off=(0,0) → new proto#1217 8x8
CC#1383 NEW    pos=(213,759) 4x9 trim_off=(0,0) → new proto#1218 4x9
CC#1384 NEW    pos=(214,780) 7x8 trim_off=(0,0) → new proto#1219 7x8
CC#1385 NEW    pos=(218,757) 22x11 trim_off=(0,0) → new proto#1220 22x11
CC#1386 LOSSY  pos=(221,776) 4x12 → proto#1103 4x12 err=2 dx=0 dy=0
CC#1387 NEW    pos=(226,780) 12x8 trim_off=(0,0) → new proto#1221 12x8
CC#1388 EXACT  pos=(241,766) 3x5 → proto#882 3x5
CC#1389 LOSSY  pos=(243,776) 6x12 → proto#849 6x12 err=2 dx=0 dy=0
CC#1390 LOSSY  pos=(249,780) 7x8 → proto#416 7x8 err=2 dx=0 dy=0
CC#1391 NEW    pos=(250,757) 12x11 trim_off=(0,0) → new proto#1222 12x11
CC#1392 LOSSY  pos=(256,780) 7x8 → proto#278 7x8 err=2 dx=0 dy=0
CC#1393 NEW    pos=(264,780) 8x12 trim_off=(0,0) → new proto#1223 8x12
CC#1394 NEW    pos=(270,760) 14x9 trim_off=(0,0) → new proto#1224 14x9
CC#1395 LOSSY  pos=(272,776) 8x12 → proto#887 8x12 err=3 dx=0 dy=0
CC#1396 LOSSY  pos=(280,778) 5x10 → proto#253 5x10 err=2 dx=0 dy=0
CC#1397 NEW    pos=(284,760) 14x9 trim_off=(0,0) → new proto#1225 14x9
CC#1398 NEW    pos=(291,778) 5x10 trim_off=(0,0) → new proto#1226 5x10
CC#1399 NEW    pos=(296,777) 8x11 trim_off=(0,0) → new proto#1227 8x11
CC#1400 EXACT  pos=(299,757) 3x3 → proto#190 3x3
CC#1401 NEW    pos=(299,761) 3x7 trim_off=(0,0) → new proto#1228 3x7
CC#1402 NEW    pos=(303,757) 14x12 trim_off=(0,0) → new proto#1229 14x12
CC#1403 NEW    pos=(305,780) 13x8 trim_off=(0,0) → new proto#1230 13x8
CC#1404 NEW    pos=(318,761) 13x8 trim_off=(0,0) → new proto#1231 13x8
CC#1405 NEW    pos=(319,781) 15x11 trim_off=(0,0) → new proto#1232 15x11
CC#1406 NEW    pos=(332,759) 8x10 trim_off=(0,0) → new proto#1233 8x10
CC#1407 LOSSY  pos=(334,777) 8x11 → proto#161 8x11 err=4 dx=0 dy=0
CC#1408 EXACT  pos=(337,757) 3x3 → proto#362 3x3
CC#1409 NEW    pos=(341,761) 7x8 trim_off=(0,0) → new proto#1234 7x8
CC#1410 LOSSY  pos=(348,779) 5x10 → proto#169 5x10 err=2 dx=0 dy=0
CC#1411 NEW    pos=(349,761) 8x8 trim_off=(0,0) → new proto#1235 8x8
CC#1412 NEW    pos=(353,777) 8x12 trim_off=(0,0) → new proto#1236 8x12
CC#1413 NEW    pos=(362,781) 7x8 trim_off=(0,0) → new proto#1237 7x8
CC#1414 NEW    pos=(363,761) 7x8 trim_off=(0,0) → new proto#1238 7x8
CC#1415 NEW    pos=(370,758) 6x11 trim_off=(0,0) → new proto#1239 6x11
CC#1416 NEW    pos=(374,778) 18x11 trim_off=(0,0) → new proto#1240 18x11
CC#1417 NEW    pos=(384,759) 5x10 trim_off=(0,0) → new proto#1241 5x10
CC#1418 NEW    pos=(389,758) 8x12 trim_off=(0,0) → new proto#1242 8x12
CC#1419 NEW    pos=(392,782) 7x7 trim_off=(0,0) → new proto#1243 7x7
CC#1420 NEW    pos=(398,762) 7x8 trim_off=(0,0) → new proto#1244 7x8
CC#1421 NEW    pos=(400,782) 7x7 trim_off=(0,0) → new proto#1245 7x7
CC#1422 LOSSY  pos=(408,778) 4x11 → proto#382 4x11 err=1 dx=0 dy=0
CC#1423 NEW    pos=(412,782) 8x7 trim_off=(0,0) → new proto#1246 8x7
CC#1424 NEW    pos=(413,762) 7x8 trim_off=(0,0) → new proto#1247 7x8
CC#1425 NEW    pos=(420,780) 9x10 trim_off=(0,0) → new proto#1248 9x10
CC#1426 NEW    pos=(421,762) 12x8 trim_off=(0,0) → new proto#1249 12x8
CC#1427 LOSSY  pos=(426,778) 3x3 → proto#190 3x3 err=1 dx=0 dy=0
CC#1428 LOSSY  pos=(430,782) 7x8 → proto#1109 7x8 err=2 dx=0 dy=0
CC#1429 NEW    pos=(434,759) 17x11 trim_off=(0,0) → new proto#1250 17x11
CC#1430 NEW    pos=(438,782) 7x8 trim_off=(0,0) → new proto#1251 7x8
CC#1431 NEW    pos=(451,762) 7x8 trim_off=(0,0) → new proto#1252 7x8
CC#1432 LOSSY  pos=(452,782) 7x8 → proto#1085 7x8 err=2 dx=0 dy=0
CC#1433 NEW    pos=(459,762) 12x11 trim_off=(0,0) → new proto#1253 12x11
CC#1434 NEW    pos=(459,778) 7x12 trim_off=(0,0) → new proto#1254 7x12
CC#1435 NEW    pos=(472,779) 5x11 trim_off=(0,0) → new proto#1255 5x11
CC#1436 NEW    pos=(477,762) 10x8 trim_off=(0,0) → new proto#1256 10x8
CC#1437 NEW    pos=(479,779) 7x12 trim_off=(0,0) → new proto#1257 7x12
CC#1438 NEW    pos=(487,759) 8x11 trim_off=(0,0) → new proto#1258 8x11
CC#1439 LOSSY  pos=(487,779) 7x12 → proto#1257 7x12 err=4 dx=0 dy=0
CC#1440 NEW    pos=(495,780) 7x10 trim_off=(0,0) → new proto#1259 7x10
CC#1441 NEW    pos=(496,762) 6x9 trim_off=(0,0) → new proto#1260 6x9
CC#1442 NEW    pos=(503,762) 8x9 trim_off=(0,0) → new proto#1261 8x9
CC#1443 NEW    pos=(503,788) 2x4 trim_off=(0,0) → new proto#1262 2x4
CC#1444 NEW    pos=(510,779) 11x15 trim_off=(0,0) → new proto#1263 11x15
CC#1445 NEW    pos=(519,759) 6x11 trim_off=(0,0) → new proto#1264 6x11
CC#1446 NEW    pos=(522,782) 6x8 trim_off=(0,0) → new proto#1265 6x8
CC#1447 NEW    pos=(529,779) 4x11 trim_off=(0,0) → new proto#1266 4x11
CC#1448 NEW    pos=(531,762) 5x8 trim_off=(0,0) → new proto#1267 5x8
CC#1449 NEW    pos=(534,782) 7x8 trim_off=(0,0) → new proto#1268 7x8
CC#1450 NEW    pos=(537,762) 7x8 trim_off=(0,0) → new proto#1269 7x8
CC#1451 NEW    pos=(542,783) 8x4 trim_off=(0,0) → new proto#1270 8x4
CC#1452 NEW    pos=(542,788) 7x6 trim_off=(0,0) → new proto#1271 7x6
CC#1453 LOSSY  pos=(544,763) 8x11 → proto#528 8x11 err=4 dx=0 dy=0
CC#1454 NEW    pos=(555,780) 5x10 trim_off=(0,0) → new proto#1272 5x10
CC#1455 LOSSY  pos=(557,760) 5x10 → proto#459 5x10 err=2 dx=0 dy=0
CC#1456 NEW    pos=(561,779) 7x11 trim_off=(0,0) → new proto#1273 7x11
CC#1457 NEW    pos=(563,762) 7x8 trim_off=(0,0) → new proto#1274 7x8
CC#1458 NEW    pos=(569,782) 6x8 trim_off=(0,0) → new proto#1275 6x8
CC#1459 NEW    pos=(575,762) 7x12 trim_off=(0,0) → new proto#1276 7x12
CC#1460 LOSSY  pos=(576,779) 4x11 → proto#791 4x11 err=2 dx=0 dy=0
CC#1461 NEW    pos=(580,782) 6x8 trim_off=(0,0) → new proto#1277 6x8
CC#1462 NEW    pos=(582,762) 7x9 trim_off=(0,0) → new proto#1278 7x9
CC#1463 NEW    pos=(590,762) 8x8 trim_off=(0,0) → new proto#1279 8x8
CC#1464 NEW    pos=(591,782) 7x11 trim_off=(0,0) → new proto#1280 7x11
CC#1465 NEW    pos=(599,782) 7x8 trim_off=(0,0) → new proto#1281 7x8
CC#1466 NEW    pos=(605,760) 6x10 trim_off=(0,0) → new proto#1282 6x10
CC#1467 LOSSY  pos=(607,782) 7x8 → proto#1138 7x8 err=2 dx=0 dy=0
CC#1468 NEW    pos=(611,759) 16x11 trim_off=(0,0) → new proto#1283 16x11
CC#1469 NEW    pos=(615,781) 4x9 trim_off=(0,0) → new proto#1284 4x9
CC#1470 NEW    pos=(620,778) 7x12 trim_off=(0,0) → new proto#1285 7x12
CC#1471 NEW    pos=(627,760) 5x10 trim_off=(0,0) → new proto#1286 5x10
CC#1472 NEW    pos=(628,787) 4x6 trim_off=(0,0) → new proto#1287 4x6
CC#1473 NEW    pos=(74,797) 6x10 trim_off=(0,0) → new proto#1288 6x10
CC#1474 NEW    pos=(74,818) 14x9 trim_off=(0,0) → new proto#1289 14x9
CC#1475 NEW    pos=(80,795) 19x13 trim_off=(0,0) → new proto#1290 19x13
CC#1476 NEW    pos=(95,796) 3x3 trim_off=(0,0) → new proto#1291 3x3
CC#1477 NEW    pos=(97,819) 12x8 trim_off=(0,0) → new proto#1292 12x8
CC#1478 NEW    pos=(100,799) 6x8 trim_off=(0,0) → new proto#1293 6x8
CC#1479 LOSSY  pos=(109,819) 8x11 → proto#528 8x11 err=3 dx=0 dy=0
CC#1480 NEW    pos=(110,796) 9x11 trim_off=(0,0) → new proto#1294 9x11
CC#1481 LOSSY  pos=(119,796) 4x11 → proto#417 4x11 err=2 dx=0 dy=0
CC#1482 NEW    pos=(124,799) 14x8 trim_off=(0,0) → new proto#1295 14x8
CC#1483 NEW    pos=(126,819) 4x8 trim_off=(0,0) → new proto#1296 4x8
CC#1484 EXACT  pos=(127,815) 3x3 → proto#180 3x3
CC#1485 NEW    pos=(131,819) 8x8 trim_off=(0,0) → new proto#1297 8x8
CC#1486 NEW    pos=(139,796) 7x11 trim_off=(0,0) → new proto#1298 7x11
CC#1487 NEW    pos=(139,815) 8x12 trim_off=(0,0) → new proto#1299 8x12
CC#1488 NEW    pos=(147,805) 2x5 trim_off=(0,0) → new proto#1300 2x5
CC#1489 NEW    pos=(148,819) 6x8 trim_off=(0,0) → new proto#1301 6x8
CC#1490 NEW    pos=(155,819) 5x8 trim_off=(0,0) → new proto#1302 5x8
CC#1491 NEW    pos=(156,799) 15x8 trim_off=(0,0) → new proto#1303 15x8
CC#1492 LOSSY  pos=(161,815) 3x3 → proto#190 3x3 err=1 dx=0 dy=0
CC#1493 NEW    pos=(161,819) 3x8 trim_off=(0,0) → new proto#1304 3x8
CC#1494 LOSSY  pos=(165,817) 5x10 → proto#474 5x10 err=2 dx=0 dy=0
CC#1495 NEW    pos=(171,796) 8x11 trim_off=(0,0) → new proto#1305 8x11
CC#1496 EXACT  pos=(171,819) 7x8 → proto#490 7x8
CC#1497 NEW    pos=(178,819) 8x8 trim_off=(0,0) → new proto#1306 8x8
CC#1498 NEW    pos=(185,798) 5x9 trim_off=(0,0) → new proto#1307 5x9
CC#1499 NEW    pos=(186,819) 17x8 trim_off=(0,0) → new proto#1308 17x8
CC#1500 NEW    pos=(190,796) 8x11 trim_off=(0,0) → new proto#1309 8x11
CC#1501 NEW    pos=(199,799) 6x9 trim_off=(0,0) → new proto#1310 6x9
CC#1502 EXACT  pos=(206,796) 3x3 → proto#468 3x3
CC#1503 NEW    pos=(206,800) 3x7 trim_off=(0,0) → new proto#1311 3x7
CC#1504 NEW    pos=(210,800) 6x7 trim_off=(0,0) → new proto#1312 6x7
CC#1505 NEW    pos=(219,815) 18x12 trim_off=(0,0) → new proto#1313 18x12
CC#1506 NEW    pos=(224,796) 4x11 trim_off=(0,0) → new proto#1314 4x11
CC#1507 NEW    pos=(229,796) 3x3 trim_off=(0,0) → new proto#1315 3x3
CC#1508 EXACT  pos=(229,800) 4x7 → proto#606 4x7
CC#1509 NEW    pos=(233,797) 11x10 trim_off=(0,0) → new proto#1316 11x10
CC#1510 NEW    pos=(238,819) 20x8 trim_off=(0,0) → new proto#1317 20x8
CC#1511 LOSSY  pos=(244,796) 4x11 → proto#382 4x11 err=1 dx=0 dy=0
CC#1512 NEW    pos=(248,799) 7x9 trim_off=(0,0) → new proto#1318 7x9
CC#1513 NEW    pos=(262,800) 8x11 trim_off=(0,0) → new proto#1319 8x11
CC#1514 NEW    pos=(266,819) 7x8 trim_off=(0,0) → new proto#1320 7x8
CC#1515 NEW    pos=(271,800) 7x8 trim_off=(0,0) → new proto#1321 7x8
CC#1516 NEW    pos=(273,816) 7x11 trim_off=(0,0) → new proto#1322 7x11
CC#1517 NEW    pos=(278,798) 15x10 trim_off=(0,0) → new proto#1323 15x10
CC#1518 NEW    pos=(287,820) 12x7 trim_off=(0,0) → new proto#1324 12x7
CC#1519 EXACT  pos=(290,796) 3x3 → proto#362 3x3
CC#1520 NEW    pos=(294,800) 11x8 trim_off=(0,0) → new proto#1325 11x8
CC#1521 LOSSY  pos=(299,820) 8x11 → proto#528 8x11 err=4 dx=0 dy=0
CC#1522 NEW    pos=(306,800) 15x8 trim_off=(0,0) → new proto#1326 15x8
CC#1523 NEW    pos=(312,817) 8x11 trim_off=(0,0) → new proto#1327 8x11
CC#1524 NEW    pos=(320,820) 14x8 trim_off=(0,0) → new proto#1328 14x8
CC#1525 NEW    pos=(321,800) 8x11 trim_off=(0,0) → new proto#1329 8x11
CC#1526 NEW    pos=(334,798) 13x10 trim_off=(0,0) → new proto#1330 13x10
CC#1527 NEW    pos=(334,818) 5x10 trim_off=(0,0) → new proto#1331 5x10
CC#1528 NEW    pos=(339,817) 8x11 trim_off=(0,0) → new proto#1332 8x11
CC#1529 NEW    pos=(348,820) 6x8 trim_off=(0,0) → new proto#1333 6x8
CC#1530 NEW    pos=(353,797) 13x11 trim_off=(0,0) → new proto#1334 13x11
CC#1531 NEW    pos=(355,820) 12x8 trim_off=(0,0) → new proto#1335 12x8
CC#1532 LOSSY  pos=(367,801) 6x8 → proto#429 6x8 err=2 dx=0 dy=0
CC#1533 NEW    pos=(377,817) 14x12 trim_off=(0,0) → new proto#1336 14x12
CC#1534 NEW    pos=(382,801) 14x8 trim_off=(0,0) → new proto#1337 14x8
CC#1535 NEW    pos=(391,821) 16x11 trim_off=(0,0) → new proto#1338 16x11
CC#1536 NEW    pos=(397,801) 7x8 trim_off=(0,0) → new proto#1339 7x8
CC#1537 NEW    pos=(405,801) 6x8 trim_off=(0,0) → new proto#1340 6x8
CC#1538 NEW    pos=(407,817) 8x12 trim_off=(0,0) → new proto#1341 8x12
CC#1539 NEW    pos=(411,799) 5x10 trim_off=(0,0) → new proto#1342 5x10
CC#1540 LOSSY  pos=(416,819) 5x10 → proto#968 5x10 err=2 dx=0 dy=0
CC#1541 LOSSY  pos=(417,798) 4x11 → proto#683 4x11 err=2 dx=0 dy=0
CC#1542 NEW    pos=(421,799) 5x10 trim_off=(0,0) → new proto#1343 5x10
CC#1543 NEW    pos=(427,801) 7x8 trim_off=(0,0) → new proto#1344 7x8
CC#1544 LOSSY  pos=(430,817) 3x3 → proto#190 3x3 err=1 dx=0 dy=0
CC#1545 NEW    pos=(430,821) 3x8 trim_off=(0,0) → new proto#1345 3x8
CC#1546 LOSSY  pos=(434,821) 8x8 → proto#419 8x8 err=3 dx=0 dy=0
CC#1547 LOSSY  pos=(435,800) 5x9 → proto#1069 5x9 err=2 dx=0 dy=0
CC#1548 EXACT  pos=(440,802) 4x7 → proto#1215 4x7
CC#1549 EXACT  pos=(441,798) 2x3 → proto#847 2x3
CC#1550 NEW    pos=(444,801) 8x8 trim_off=(0,0) → new proto#1346 8x8
CC#1551 LOSSY  pos=(451,819) 5x10 → proto#968 5x10 err=2 dx=0 dy=0
CC#1552 LOSSY  pos=(452,802) 8x7 → proto#929 8x7 err=2 dx=0 dy=0
CC#1553 NEW    pos=(456,817) 8x12 trim_off=(0,0) → new proto#1347 8x12
CC#1554 NEW    pos=(461,802) 6x7 trim_off=(0,0) → new proto#1348 6x7
CC#1555 NEW    pos=(465,821) 6x8 trim_off=(0,0) → new proto#1349 6x8
CC#1556 LOSSY  pos=(468,798) 4x11 → proto#382 4x11 err=1 dx=0 dy=0
CC#1557 NEW    pos=(478,798) 6x12 trim_off=(0,0) → new proto#1350 6x12
CC#1558 NEW    pos=(480,821) 10x8 trim_off=(0,0) → new proto#1351 10x8
CC#1559 NEW    pos=(484,802) 5x7 trim_off=(0,0) → new proto#1352 5x7
CC#1560 NEW    pos=(490,802) 6x8 trim_off=(0,0) → new proto#1353 6x8
CC#1561 NEW    pos=(491,821) 6x8 trim_off=(0,0) → new proto#1354 6x8
CC#1562 NEW    pos=(497,798) 14x12 trim_off=(0,0) → new proto#1355 14x12
CC#1563 NEW    pos=(498,821) 6x8 trim_off=(0,0) → new proto#1356 6x8
CC#1564 LOSSY  pos=(511,802) 8x8 → proto#708 8x8 err=3 dx=0 dy=0
CC#1565 NEW    pos=(512,821) 7x8 trim_off=(0,0) → new proto#1357 7x8
CC#1566 NEW    pos=(519,802) 12x8 trim_off=(0,0) → new proto#1358 12x8
CC#1567 NEW    pos=(520,818) 6x11 trim_off=(0,0) → new proto#1359 6x11
CC#1568 NEW    pos=(534,818) 6x11 trim_off=(0,0) → new proto#1360 6x11
CC#1569 NEW    pos=(537,802) 9x7 trim_off=(0,0) → new proto#1361 9x7
CC#1570 NEW    pos=(541,818) 7x11 trim_off=(0,0) → new proto#1362 7x11
CC#1571 LOSSY  pos=(547,798) 8x12 → proto#1341 8x12 err=3 dx=0 dy=0
CC#1572 NEW    pos=(550,819) 5x10 trim_off=(0,0) → new proto#1363 5x10
CC#1573 EXACT  pos=(556,798) 3x3 → proto#654 3x3
CC#1574 NEW    pos=(556,802) 3x8 trim_off=(0,0) → new proto#1364 3x8
CC#1575 NEW    pos=(557,818) 7x11 trim_off=(0,0) → new proto#1365 7x11
CC#1576 NEW    pos=(560,802) 6x8 trim_off=(0,0) → new proto#1366 6x8
CC#1577 EXACT  pos=(565,827) 3x2 → proto#499 3x2
CC#1578 LOSSY  pos=(566,798) 8x11 → proto#161 8x11 err=3 dx=0 dy=0
CC#1579 NEW    pos=(583,798) 6x11 trim_off=(0,0) → new proto#1367 6x11
CC#1580 NEW    pos=(584,817) 9x12 trim_off=(0,0) → new proto#1368 9x12
CC#1581 NEW    pos=(594,821) 10x8 trim_off=(0,0) → new proto#1369 10x8
CC#1582 NEW    pos=(597,802) 7x7 trim_off=(0,0) → new proto#1370 7x7
CC#1583 NEW    pos=(604,798) 11x11 trim_off=(0,0) → new proto#1371 11x11
CC#1584 NEW    pos=(604,821) 7x8 trim_off=(0,0) → new proto#1372 7x8
CC#1585 LOSSY  pos=(616,798) 3x3 → proto#190 3x3 err=1 dx=0 dy=0
CC#1586 NEW    pos=(616,802) 3x7 trim_off=(0,0) → new proto#1373 3x7
CC#1587 LOSSY  pos=(618,821) 8x8 → proto#812 8x8 err=3 dx=0 dy=0
CC#1588 NEW    pos=(621,802) 11x7 trim_off=(0,0) → new proto#1374 11x7
CC#1589 NEW    pos=(626,817) 6x12 trim_off=(0,0) → new proto#1375 6x12
CC#1590 NEW    pos=(74,834) 33x13 trim_off=(0,0) → new proto#1376 33x13
CC#1591 NEW    pos=(74,854) 7x12 trim_off=(0,0) → new proto#1377 7x12
CC#1592 NEW    pos=(80,858) 8x8 trim_off=(0,0) → new proto#1378 8x8
CC#1593 NEW    pos=(88,858) 6x8 trim_off=(0,0) → new proto#1379 6x8
CC#1594 NEW    pos=(99,858) 15x12 trim_off=(0,0) → new proto#1380 15x12
CC#1595 NEW    pos=(112,838) 10x8 trim_off=(0,0) → new proto#1381 10x8
CC#1596 LOSSY  pos=(114,854) 4x12 → proto#567 4x12 err=2 dx=0 dy=0
CC#1597 NEW    pos=(119,854) 11x12 trim_off=(0,0) → new proto#1382 11x12
CC#1598 NEW    pos=(122,838) 21x9 trim_off=(0,0) → new proto#1383 21x9
CC#1599 NEW    pos=(131,858) 7x8 trim_off=(0,0) → new proto#1384 7x8
CC#1600 LOSSY  pos=(139,856) 5x10 → proto#474 5x10 err=2 dx=0 dy=0
CC#1601 LOSSY  pos=(144,858) 6x8 → proto#244 6x8 err=2 dx=0 dy=0
CC#1602 NEW    pos=(148,838) 14x9 trim_off=(0,0) → new proto#1385 14x9
CC#1603 NEW    pos=(150,858) 8x12 trim_off=(0,0) → new proto#1386 8x12
CC#1604 NEW    pos=(163,838) 11x8 trim_off=(0,0) → new proto#1387 11x8
CC#1605 LOSSY  pos=(163,858) 7x8 → proto#490 7x8 err=1 dx=0 dy=0
CC#1606 NEW    pos=(171,856) 5x10 trim_off=(0,0) → new proto#1388 5x10
CC#1607 NEW    pos=(175,835) 21x11 trim_off=(0,0) → new proto#1389 21x11
CC#1608 NEW    pos=(181,855) 9x11 trim_off=(0,0) → new proto#1390 9x11
CC#1609 NEW    pos=(187,854) 5x5 trim_off=(0,0) → new proto#1391 5x5
CC#1610 NEW    pos=(192,858) 7x8 trim_off=(0,0) → new proto#1392 7x8
CC#1611 NEW    pos=(196,838) 13x9 trim_off=(0,0) → new proto#1393 13x9
CC#1612 NEW    pos=(200,858) 10x8 trim_off=(0,0) → new proto#1394 10x8
CC#1613 LOSSY  pos=(214,839) 8x8 → proto#992 8x8 err=3 dx=0 dy=0
CC#1614 NEW    pos=(215,855) 10x11 trim_off=(0,0) → new proto#1395 10x11
CC#1615 NEW    pos=(222,835) 6x12 trim_off=(0,0) → new proto#1396 6x12
CC#1616 NEW    pos=(226,858) 5x8 trim_off=(0,0) → new proto#1397 5x8
CC#1617 LOSSY  pos=(232,855) 3x11 → proto#935 3x11 err=1 dx=0 dy=0
CC#1618 LOSSY  pos=(236,837) 5x10 → proto#500 5x10 err=2 dx=0 dy=0
CC#1619 NEW    pos=(236,858) 14x8 trim_off=(0,0) → new proto#1398 14x8
CC#1620 LOSSY  pos=(241,835) 8x12 → proto#1341 8x12 err=1 dx=0 dy=0
CC#1621 NEW    pos=(249,839) 7x8 trim_off=(0,0) → new proto#1399 7x8
CC#1622 NEW    pos=(250,858) 18x9 trim_off=(0,0) → new proto#1400 18x9
CC#1623 NEW    pos=(262,835) 11x12 trim_off=(0,0) → new proto#1401 11x12
CC#1624 NEW    pos=(273,839) 7x8 trim_off=(0,0) → new proto#1402 7x8
CC#1625 NEW    pos=(281,839) 13x8 trim_off=(0,0) → new proto#1403 13x8
CC#1626 NEW    pos=(284,855) 11x12 trim_off=(0,0) → new proto#1404 11x12
CC#1627 NEW    pos=(296,856) 5x11 trim_off=(0,0) → new proto#1405 5x11
CC#1628 NEW    pos=(299,839) 8x8 trim_off=(0,0) → new proto#1406 8x8
CC#1629 NEW    pos=(307,835) 6x12 trim_off=(0,0) → new proto#1407 6x12
CC#1630 NEW    pos=(311,859) 10x8 trim_off=(0,0) → new proto#1408 10x8
CC#1631 EXACT  pos=(317,856) 3x2 → proto#585 3x2
CC#1632 NEW    pos=(318,838) 5x9 trim_off=(0,0) → new proto#1409 5x9
CC#1633 NEW    pos=(322,859) 7x8 trim_off=(0,0) → new proto#1410 7x8
CC#1634 NEW    pos=(324,836) 8x12 trim_off=(0,0) → new proto#1411 8x12
CC#1635 NEW    pos=(330,858) 27x10 trim_off=(0,0) → new proto#1412 27x10
CC#1636 LOSSY  pos=(332,839) 7x9 → proto#512 7x9 err=3 dx=0 dy=0
CC#1637 NEW    pos=(345,836) 12x12 trim_off=(0,0) → new proto#1413 12x12
CC#1638 NEW    pos=(357,840) 7x8 trim_off=(0,0) → new proto#1414 7x8
CC#1639 NEW    pos=(365,837) 22x11 trim_off=(0,0) → new proto#1415 22x11
CC#1640 NEW    pos=(366,860) 7x11 trim_off=(0,0) → new proto#1416 7x11
CC#1641 NEW    pos=(373,860) 14x8 trim_off=(0,0) → new proto#1417 14x8
CC#1642 NEW    pos=(387,838) 20x14 trim_off=(0,0) → new proto#1418 20x14
CC#1643 NEW    pos=(388,860) 12x8 trim_off=(0,0) → new proto#1419 12x8
CC#1644 NEW    pos=(400,840) 15x8 trim_off=(0,0) → new proto#1420 15x8
CC#1645 NEW    pos=(405,860) 8x8 trim_off=(0,0) → new proto#1421 8x8
CC#1646 NEW    pos=(413,856) 6x12 trim_off=(0,0) → new proto#1422 6x12
CC#1647 NEW    pos=(415,846) 3x5 trim_off=(0,0) → new proto#1423 3x5
CC#1648 NEW    pos=(426,837) 23x12 trim_off=(0,0) → new proto#1424 23x12
CC#1649 NEW    pos=(427,860) 22x12 trim_off=(0,0) → new proto#1425 22x12
CC#1650 NEW    pos=(455,841) 26x8 trim_off=(0,0) → new proto#1426 26x8
CC#1651 NEW    pos=(455,857) 6x11 trim_off=(0,0) → new proto#1427 6x11
CC#1652 NEW    pos=(467,860) 9x8 trim_off=(0,0) → new proto#1428 9x8
CC#1653 NEW    pos=(477,860) 13x8 trim_off=(0,0) → new proto#1429 13x8
CC#1654 EXACT  pos=(482,838) 3x2 → proto#585 3x2
CC#1655 NEW    pos=(482,841) 4x8 trim_off=(0,0) → new proto#1430 4x8
CC#1656 NEW    pos=(486,841) 7x7 trim_off=(0,0) → new proto#1431 7x7
CC#1657 NEW    pos=(494,837) 14x12 trim_off=(0,0) → new proto#1432 14x12
CC#1658 NEW    pos=(499,861) 7x11 trim_off=(0,0) → new proto#1433 7x11
CC#1659 EXACT  pos=(507,857) 3x3 → proto#464 3x3
CC#1660 LOSSY  pos=(507,861) 4x7 → proto#592 4x7 err=1 dx=0 dy=0
CC#1661 NEW    pos=(512,861) 7x7 trim_off=(0,0) → new proto#1434 7x7
CC#1662 LOSSY  pos=(514,837) 8x12 → proto#475 8x12 err=3 dx=0 dy=0
CC#1663 NEW    pos=(519,860) 15x8 trim_off=(0,0) → new proto#1435 15x8
CC#1664 LOSSY  pos=(523,837) 3x3 → proto#190 3x3 err=1 dx=0 dy=0
CC#1665 NEW    pos=(523,841) 3x8 trim_off=(0,0) → new proto#1436 3x8
CC#1666 NEW    pos=(527,841) 6x8 trim_off=(0,0) → new proto#1437 6x8
CC#1667 NEW    pos=(538,841) 14x8 trim_off=(0,0) → new proto#1438 14x8
CC#1668 LOSSY  pos=(543,858) 5x10 → proto#1343 5x10 err=2 dx=0 dy=0
CC#1669 NEW    pos=(549,861) 7x7 trim_off=(0,0) → new proto#1439 7x7
CC#1670 NEW    pos=(552,841) 12x8 trim_off=(0,0) → new proto#1440 12x8
CC#1671 NEW    pos=(561,859) 5x9 trim_off=(0,0) → new proto#1441 5x9
CC#1672 NEW    pos=(564,841) 12x8 trim_off=(0,0) → new proto#1442 12x8
CC#1673 LOSSY  pos=(567,857) 8x11 → proto#161 8x11 err=4 dx=0 dy=0
CC#1674 NEW    pos=(575,860) 7x8 trim_off=(0,0) → new proto#1443 7x8
CC#1675 NEW    pos=(576,841) 15x8 trim_off=(0,0) → new proto#1444 15x8
CC#1676 NEW    pos=(587,860) 13x8 trim_off=(0,0) → new proto#1445 13x8
CC#1677 NEW    pos=(591,837) 16x12 trim_off=(0,0) → new proto#1446 16x12
CC#1678 NEW    pos=(600,860) 13x8 trim_off=(0,0) → new proto#1447 13x8
CC#1679 NEW    pos=(607,839) 9x10 trim_off=(0,0) → new proto#1448 9x10
CC#1680 EXACT  pos=(613,837) 3x3 → proto#468 3x3
CC#1681 NEW    pos=(614,860) 4x8 trim_off=(0,0) → new proto#1449 4x8
CC#1682 NEW    pos=(616,841) 16x8 trim_off=(0,0) → new proto#1450 16x8
CC#1683 NEW    pos=(618,860) 14x9 trim_off=(0,0) → new proto#1451 14x9
CC#1684 NEW    pos=(1,906) 3x5 trim_off=(0,0) → new proto#1452 3x5
CC#1685 NEW    pos=(74,877) 8x8 trim_off=(0,0) → new proto#1453 8x8
CC#1686 NEW    pos=(75,896) 20x9 trim_off=(0,0) → new proto#1454 20x9
CC#1687 NEW    pos=(82,874) 7x11 trim_off=(0,0) → new proto#1455 7x11
CC#1688 NEW    pos=(95,893) 4x12 trim_off=(0,0) → new proto#1456 4x12
CC#1689 NEW    pos=(96,877) 12x8 trim_off=(0,0) → new proto#1457 12x8
CC#1690 NEW    pos=(100,897) 7x8 trim_off=(0,0) → new proto#1458 7x8
CC#1691 NEW    pos=(107,897) 14x8 trim_off=(0,0) → new proto#1459 14x8
CC#1692 NEW    pos=(108,877) 8x12 trim_off=(0,0) → new proto#1460 8x12
CC#1693 NEW    pos=(121,877) 6x8 trim_off=(0,0) → new proto#1461 6x8
CC#1694 NEW    pos=(121,893) 4x12 trim_off=(0,0) → new proto#1462 4x12
CC#1695 NEW    pos=(126,897) 7x11 trim_off=(0,0) → new proto#1463 7x11
CC#1696 NEW    pos=(128,877) 7x9 trim_off=(0,0) → new proto#1464 7x9
CC#1697 NEW    pos=(134,903) 3x5 trim_off=(0,0) → new proto#1465 3x5
CC#1698 NEW    pos=(135,877) 16x8 trim_off=(0,0) → new proto#1466 16x8
CC#1699 NEW    pos=(143,894) 3x11 trim_off=(0,0) → new proto#1467 3x11
CC#1700 NEW    pos=(148,893) 6x12 trim_off=(0,0) → new proto#1468 6x12
CC#1701 NEW    pos=(151,875) 6x10 trim_off=(0,0) → new proto#1469 6x10
CC#1702 NEW    pos=(157,877) 13x12 trim_off=(0,0) → new proto#1470 13x12
CC#1703 NEW    pos=(161,895) 21x10 trim_off=(0,0) → new proto#1471 21x10
CC#1704 EXACT  pos=(175,878) 3x3 → proto#468 3x3
CC#1705 NEW    pos=(175,883) 3x6 trim_off=(0,0) → new proto#1472 3x6
CC#1706 LOSSY  pos=(186,874) 6x11 → proto#527 6x11 err=1 dx=0 dy=0
CC#1707 NEW    pos=(188,897) 17x8 trim_off=(0,0) → new proto#1473 17x8
CC#1708 LOSSY  pos=(192,878) 7x8 → proto#1186 7x8 err=2 dx=0 dy=0
CC#1709 NEW    pos=(200,878) 6x7 trim_off=(0,0) → new proto#1474 6x7
CC#1710 LOSSY  pos=(205,894) 4x11 → proto#382 4x11 err=1 dx=0 dy=0
CC#1711 LOSSY  pos=(209,894) 4x11 → proto#422 4x11 err=2 dx=0 dy=0
CC#1712 NEW    pos=(213,876) 5x10 trim_off=(0,0) → new proto#1475 5x10
CC#1713 EXACT  pos=(214,903) 3x2 → proto#585 3x2
CC#1714 NEW    pos=(219,878) 10x7 trim_off=(0,0) → new proto#1476 10x7
CC#1715 NEW    pos=(229,878) 7x8 trim_off=(0,0) → new proto#1477 7x8
CC#1716 NEW    pos=(233,894) 11x11 trim_off=(0,0) → new proto#1478 11x11
CC#1717 NEW    pos=(237,874) 3x12 trim_off=(0,0) → new proto#1479 3x12
CC#1718 LOSSY  pos=(241,878) 7x7 → proto#589 7x7 err=2 dx=0 dy=0
CC#1719 NEW    pos=(245,897) 6x8 trim_off=(0,0) → new proto#1480 6x8
CC#1720 NEW    pos=(248,878) 7x8 trim_off=(0,0) → new proto#1481 7x8
CC#1721 NEW    pos=(255,894) 6x11 trim_off=(0,0) → new proto#1482 6x11
CC#1722 LOSSY  pos=(264,878) 7x11 → proto#857 7x11 err=3 dx=0 dy=0
CC#1723 NEW    pos=(267,894) 6x12 trim_off=(0,0) → new proto#1483 6x12
CC#1724 NEW    pos=(271,878) 7x8 trim_off=(0,0) → new proto#1484 7x8
CC#1725 NEW    pos=(273,898) 13x8 trim_off=(0,0) → new proto#1485 13x8
CC#1726 NEW    pos=(278,878) 7x8 trim_off=(0,0) → new proto#1486 7x8
CC#1727 NEW    pos=(286,878) 12x8 trim_off=(0,0) → new proto#1487 12x8
CC#1728 NEW    pos=(287,894) 4x12 trim_off=(0,0) → new proto#1488 4x12
CC#1729 LOSSY  pos=(297,896) 5x10 → proto#474 5x10 err=2 dx=0 dy=0
CC#1730 NEW    pos=(302,894) 8x12 trim_off=(0,0) → new proto#1489 8x12
CC#1731 LOSSY  pos=(303,878) 8x8 → proto#1346 8x8 err=3 dx=0 dy=0
CC#1732 LOSSY  pos=(311,875) 7x11 → proto#969 7x11 err=3 dx=0 dy=0
CC#1733 NEW    pos=(311,898) 7x8 trim_off=(0,0) → new proto#1490 7x8
CC#1734 NEW    pos=(323,895) 4x11 trim_off=(0,0) → new proto#1491 4x11
CC#1735 NEW    pos=(326,879) 11x8 trim_off=(0,0) → new proto#1492 11x8
CC#1736 NEW    pos=(328,895) 16x11 trim_off=(0,0) → new proto#1493 16x11
CC#1737 LOSSY  pos=(338,879) 8x11 → proto#793 8x11 err=3 dx=0 dy=0
CC#1738 NEW    pos=(345,899) 18x8 trim_off=(0,0) → new proto#1494 18x8
CC#1739 NEW    pos=(351,875) 8x12 trim_off=(0,0) → new proto#1495 8x12
CC#1740 LOSSY  pos=(360,876) 6x11 → proto#908 6x11 err=3 dx=0 dy=0
CC#1741 LOSSY  pos=(363,899) 4x8 → proto#1216 4x8 err=1 dx=0 dy=0
CC#1742 EXACT  pos=(364,895) 3x3 → proto#180 3x3
CC#1743 LOSSY  pos=(366,879) 6x8 → proto#701 6x8 err=1 dx=0 dy=0
CC#1744 LOSSY  pos=(368,897) 5x10 → proto#644 5x10 err=2 dx=0 dy=0
CC#1745 NEW    pos=(373,895) 4x3 trim_off=(0,0) → new proto#1496 4x3
CC#1746 LOSSY  pos=(373,899) 4x8 → proto#1216 4x8 err=1 dx=0 dy=0
CC#1747 NEW    pos=(378,876) 6x11 trim_off=(0,0) → new proto#1497 6x11
CC#1748 NEW    pos=(378,899) 6x8 trim_off=(0,0) → new proto#1498 6x8
CC#1749 NEW    pos=(385,899) 5x8 trim_off=(0,0) → new proto#1499 5x8
CC#1750 EXACT  pos=(391,904) 3x6 → proto#513 3x6
CC#1751 NEW    pos=(392,876) 16x11 trim_off=(0,0) → new proto#1500 16x11
CC#1752 NEW    pos=(401,899) 9x8 trim_off=(0,0) → new proto#1501 9x8
CC#1753 LOSSY  pos=(408,880) 7x7 → proto#589 7x7 err=2 dx=0 dy=0
CC#1754 NEW    pos=(411,895) 8x12 trim_off=(0,0) → new proto#1502 8x12
CC#1755 NEW    pos=(415,880) 7x8 trim_off=(0,0) → new proto#1503 7x8
CC#1756 NEW    pos=(420,895) 3x12 trim_off=(0,0) → new proto#1504 3x12
CC#1757 NEW    pos=(424,899) 6x8 trim_off=(0,0) → new proto#1505 6x8
CC#1758 NEW    pos=(430,876) 8x12 trim_off=(0,0) → new proto#1506 8x12
CC#1759 NEW    pos=(430,896) 8x11 trim_off=(0,0) → new proto#1507 8x11
CC#1760 NEW    pos=(439,880) 6x8 trim_off=(0,0) → new proto#1508 6x8
CC#1761 NEW    pos=(445,899) 5x8 trim_off=(0,0) → new proto#1509 5x8
CC#1762 NEW    pos=(446,880) 21x8 trim_off=(0,0) → new proto#1510 21x8
CC#1763 NEW    pos=(451,900) 7x7 trim_off=(0,0) → new proto#1511 7x7
CC#1764 NEW    pos=(458,896) 11x11 trim_off=(0,0) → new proto#1512 11x11
CC#1765 NEW    pos=(469,899) 6x8 trim_off=(0,0) → new proto#1513 6x8
CC#1766 EXACT  pos=(476,877) 3x2 → proto#585 3x2
CC#1767 LOSSY  pos=(476,880) 3x8 → proto#586 3x8 err=1 dx=0 dy=0
CC#1768 NEW    pos=(476,900) 9x7 trim_off=(0,0) → new proto#1514 9x7
CC#1769 LOSSY  pos=(481,878) 4x10 → proto#1117 4x10 err=1 dx=0 dy=0
CC#1770 EXACT  pos=(482,896) 3x3 → proto#681 3x3
CC#1771 LOSSY  pos=(486,880) 5x8 → proto#1499 5x8 err=2 dx=0 dy=0
CC#1772 NEW    pos=(486,899) 15x12 trim_off=(0,0) → new proto#1515 15x12
CC#1773 NEW    pos=(495,899) 7x6 trim_off=(0,0) → new proto#1516 7x6
CC#1774 NEW    pos=(500,880) 7x8 trim_off=(0,0) → new proto#1517 7x8
CC#1775 NEW    pos=(508,880) 17x8 trim_off=(0,0) → new proto#1518 17x8
CC#1776 NEW    pos=(508,900) 11x7 trim_off=(0,0) → new proto#1519 11x7
CC#1777 LOSSY  pos=(520,899) 7x8 → proto#853 7x8 err=1 dx=0 dy=0
CC#1778 NEW    pos=(526,880) 6x7 trim_off=(0,0) → new proto#1520 6x7
CC#1779 LOSSY  pos=(526,885) 3x2 → proto#890 3x2 err=1 dx=0 dy=0
CC#1780 NEW    pos=(527,899) 6x8 trim_off=(0,0) → new proto#1521 6x8
CC#1781 NEW    pos=(533,899) 7x8 trim_off=(0,0) → new proto#1522 7x8
CC#1782 NEW    pos=(540,880) 7x8 trim_off=(0,0) → new proto#1523 7x8
CC#1783 NEW    pos=(548,876) 16x12 trim_off=(0,0) → new proto#1524 16x12
CC#1784 LOSSY  pos=(548,897) 5x10 → proto#921 5x10 err=1 dx=0 dy=0
CC#1785 NEW    pos=(554,896) 7x11 trim_off=(0,0) → new proto#1525 7x11
CC#1786 NEW    pos=(562,899) 14x8 trim_off=(0,0) → new proto#1526 14x8
CC#1787 NEW    pos=(572,880) 6x8 trim_off=(0,0) → new proto#1527 6x8
CC#1788 NEW    pos=(579,880) 6x8 trim_off=(0,0) → new proto#1528 6x8
CC#1789 NEW    pos=(582,899) 7x8 trim_off=(0,0) → new proto#1529 7x8
CC#1790 NEW    pos=(586,880) 13x7 trim_off=(0,0) → new proto#1530 13x7
CC#1791 NEW    pos=(590,899) 14x12 trim_off=(0,0) → new proto#1531 14x12
CC#1792 NEW    pos=(599,876) 15x12 trim_off=(0,0) → new proto#1532 15x12
CC#1793 NEW    pos=(610,896) 15x11 trim_off=(0,0) → new proto#1533 15x11
CC#1794 EXACT  pos=(622,876) 3x3 → proto#362 3x3
CC#1795 LOSSY  pos=(622,880) 4x8 → proto#406 4x8 err=1 dx=0 dy=0
CC#1796 NEW    pos=(626,878) 6x10 trim_off=(0,0) → new proto#1534 6x10
CC#1797 NEW    pos=(626,899) 6x8 trim_off=(0,0) → new proto#1535 6x8
CC#1798 NEW    pos=(75,912) 51x17 trim_off=(0,0) → new proto#1536 51x17
CC#1799 NEW    pos=(75,933) 5x10 trim_off=(0,0) → new proto#1537 5x10
CC#1800 NEW    pos=(80,932) 8x12 trim_off=(0,0) → new proto#1538 8x12
CC#1801 NEW    pos=(89,935) 7x9 trim_off=(0,0) → new proto#1539 7x9
CC#1802 NEW    pos=(96,933) 6x11 trim_off=(0,0) → new proto#1540 6x11
CC#1803 NEW    pos=(106,936) 13x10 trim_off=(0,0) → new proto#1541 13x10
CC#1804 NEW    pos=(118,936) 8x11 trim_off=(0,0) → new proto#1542 8x11
CC#1805 NEW    pos=(131,916) 8x8 trim_off=(0,0) → new proto#1543 8x8
CC#1806 NEW    pos=(131,936) 14x8 trim_off=(0,0) → new proto#1544 14x8
CC#1807 NEW    pos=(139,917) 15x11 trim_off=(0,0) → new proto#1545 15x11
CC#1808 NEW    pos=(145,934) 47x14 trim_off=(0,0) → new proto#1546 47x14
CC#1809 NEW    pos=(155,917) 8x8 trim_off=(0,0) → new proto#1547 8x8
CC#1810 LOSSY  pos=(168,917) 12x8 → proto#1292 12x8 err=3 dx=0 dy=0
CC#1811 NEW    pos=(180,917) 11x11 trim_off=(0,0) → new proto#1548 11x11
CC#1812 NEW    pos=(192,936) 16x9 trim_off=(0,0) → new proto#1549 16x9
CC#1813 NEW    pos=(196,917) 4x8 trim_off=(0,0) → new proto#1550 4x8
CC#1814 LOSSY  pos=(197,913) 3x3 → proto#190 3x3 err=1 dx=0 dy=0
CC#1815 EXACT  pos=(201,915) 5x10 → proto#474 5x10
CC#1816 NEW    pos=(211,917) 18x8 trim_off=(0,0) → new proto#1551 18x8
CC#1817 NEW    pos=(213,936) 18x9 trim_off=(0,0) → new proto#1552 18x9
CC#1818 NEW    pos=(230,917) 7x8 trim_off=(0,0) → new proto#1553 7x8
CC#1819 LOSSY  pos=(231,937) 8x8 → proto#379 8x8 err=2 dx=0 dy=0
CC#1820 NEW    pos=(237,913) 4x12 trim_off=(0,0) → new proto#1554 4x12
CC#1821 LOSSY  pos=(240,933) 4x12 → proto#438 4x12 err=1 dx=0 dy=0
CC#1822 NEW    pos=(242,914) 8x11 trim_off=(0,0) → new proto#1555 8x11
CC#1823 NEW    pos=(244,933) 8x12 trim_off=(0,0) → new proto#1556 8x12
CC#1824 NEW    pos=(256,914) 7x11 trim_off=(0,0) → new proto#1557 7x11
CC#1825 LOSSY  pos=(258,933) 8x12 → proto#1341 8x12 err=4 dx=0 dy=0
CC#1826 NEW    pos=(264,917) 7x8 trim_off=(0,0) → new proto#1558 7x8
CC#1827 NEW    pos=(266,937) 8x8 trim_off=(0,0) → new proto#1559 8x8
CC#1828 LOSSY  pos=(274,933) 4x12 → proto#1081 4x12 err=2 dx=0 dy=0
CC#1829 NEW    pos=(276,917) 8x8 trim_off=(0,0) → new proto#1560 8x8
CC#1830 NEW    pos=(278,933) 8x12 trim_off=(0,0) → new proto#1561 8x12
CC#1831 NEW    pos=(289,914) 9x12 trim_off=(0,0) → new proto#1562 9x12
CC#1832 NEW    pos=(292,937) 7x8 trim_off=(0,0) → new proto#1563 7x8
CC#1833 LOSSY  pos=(298,914) 3x3 → proto#190 3x3 err=1 dx=0 dy=0
CC#1834 EXACT  pos=(298,918) 4x7 → proto#606 4x7
CC#1835 NEW    pos=(299,934) 4x11 trim_off=(0,0) → new proto#1564 4x11
CC#1836 NEW    pos=(302,916) 5x10 trim_off=(0,0) → new proto#1565 5x10
CC#1837 NEW    pos=(304,934) 4x11 trim_off=(0,0) → new proto#1566 4x11
CC#1838 NEW    pos=(308,916) 12x10 trim_off=(0,0) → new proto#1567 12x10
CC#1839 NEW    pos=(314,934) 12x12 trim_off=(0,0) → new proto#1568 12x12
CC#1840 NEW    pos=(321,918) 5x8 trim_off=(0,0) → new proto#1569 5x8
CC#1841 NEW    pos=(327,937) 11x9 trim_off=(0,0) → new proto#1570 11x9
CC#1842 EXACT  pos=(328,934) 3x3 → proto#468 3x3
CC#1843 NEW    pos=(332,918) 13x8 trim_off=(0,0) → new proto#1571 13x8
CC#1844 NEW    pos=(343,934) 4x12 trim_off=(0,0) → new proto#1572 4x12
CC#1845 NEW    pos=(346,914) 7x12 trim_off=(0,0) → new proto#1573 7x12
CC#1846 EXACT  pos=(348,934) 3x3 → proto#362 3x3
CC#1847 NEW    pos=(348,938) 3x8 trim_off=(0,0) → new proto#1574 3x8
CC#1848 NEW    pos=(352,934) 16x16 trim_off=(0,0) → new proto#1575 16x16
CC#1849 NEW    pos=(354,919) 6x7 trim_off=(0,0) → new proto#1576 6x7
CC#1850 NEW    pos=(361,918) 6x8 trim_off=(0,0) → new proto#1577 6x8
CC#1851 NEW    pos=(368,916) 4x10 trim_off=(0,0) → new proto#1578 4x10
CC#1852 NEW    pos=(368,936) 6x10 trim_off=(0,0) → new proto#1579 6x10
CC#1853 EXACT  pos=(373,915) 3x3 → proto#190 3x3
CC#1854 LOSSY  pos=(373,919) 4x8 → proto#406 4x8 err=2 dx=0 dy=0
CC#1855 NEW    pos=(377,919) 20x11 trim_off=(0,0) → new proto#1580 20x11
CC#1856 LOSSY  pos=(379,938) 10x8 → proto#477 10x8 err=3 dx=0 dy=0
CC#1857 NEW    pos=(390,935) 7x11 trim_off=(0,0) → new proto#1581 7x11
CC#1858 NEW    pos=(398,938) 15x8 trim_off=(0,0) → new proto#1582 15x8
CC#1859 LOSSY  pos=(403,915) 3x3 → proto#190 3x3 err=1 dx=0 dy=0
CC#1860 EXACT  pos=(403,919) 3x7 → proto#1228 3x7
CC#1861 NEW    pos=(407,915) 16x12 trim_off=(0,0) → new proto#1583 16x12
CC#1862 NEW    pos=(416,938) 10x8 trim_off=(0,0) → new proto#1584 10x8
CC#1863 NEW    pos=(424,915) 20x12 trim_off=(0,0) → new proto#1585 20x12
CC#1864 NEW    pos=(426,935) 28x15 trim_off=(0,0) → new proto#1586 28x15
CC#1865 NEW    pos=(434,935) 3x3 trim_off=(0,0) → new proto#1587 3x3
CC#1866 NEW    pos=(445,924) 4x6 trim_off=(0,0) → new proto#1588 4x6
CC#1867 NEW    pos=(454,938) 6x8 trim_off=(0,0) → new proto#1589 6x8
CC#1868 NEW    pos=(455,915) 3x12 trim_off=(0,0) → new proto#1590 3x12
CC#1869 NEW    pos=(459,915) 6x12 trim_off=(0,0) → new proto#1591 6x12
CC#1870 NEW    pos=(461,935) 7x11 trim_off=(0,0) → new proto#1592 7x11
CC#1871 NEW    pos=(470,915) 6x12 trim_off=(0,0) → new proto#1593 6x12
CC#1872 NEW    pos=(474,938) 22x12 trim_off=(0,0) → new proto#1594 22x12
CC#1873 LOSSY  pos=(482,919) 10x8 → proto#339 10x8 err=4 dx=0 dy=0
CC#1874 NEW    pos=(492,919) 7x8 trim_off=(0,0) → new proto#1595 7x8
CC#1875 EXACT  pos=(496,939) 4x7 → proto#1215 4x7
CC#1876 EXACT  pos=(497,935) 2x3 → proto#847 2x3
CC#1877 NEW    pos=(500,919) 6x8 trim_off=(0,0) → new proto#1596 6x8
CC#1878 NEW    pos=(501,938) 7x8 trim_off=(0,0) → new proto#1597 7x8
CC#1879 NEW    pos=(509,938) 6x8 trim_off=(0,0) → new proto#1598 6x8
CC#1880 NEW    pos=(512,915) 6x12 trim_off=(0,0) → new proto#1599 6x12
CC#1881 LOSSY  pos=(515,936) 5x10 → proto#253 5x10 err=1 dx=0 dy=0
CC#1882 LOSSY  pos=(517,919) 8x8 → proto#708 8x8 err=3 dx=0 dy=0
CC#1883 NEW    pos=(525,919) 12x8 trim_off=(0,0) → new proto#1600 12x8
CC#1884 LOSSY  pos=(526,935) 13x11 → proto#1334 13x11 err=7 dx=0 dy=0
CC#1885 NEW    pos=(538,915) 14x12 trim_off=(0,0) → new proto#1601 14x12
CC#1886 NEW    pos=(539,938) 7x8 trim_off=(0,0) → new proto#1602 7x8
CC#1887 NEW    pos=(551,938) 19x9 trim_off=(0,0) → new proto#1603 19x9
CC#1888 NEW    pos=(557,917) 5x10 trim_off=(0,0) → new proto#1604 5x10
CC#1889 NEW    pos=(562,919) 8x8 trim_off=(0,0) → new proto#1605 8x8
CC#1890 NEW    pos=(570,939) 8x11 trim_off=(0,0) → new proto#1606 8x11
CC#1891 NEW    pos=(575,919) 14x8 trim_off=(0,0) → new proto#1607 14x8
CC#1892 NEW    pos=(579,936) 5x11 trim_off=(0,0) → new proto#1608 5x11
CC#1893 NEW    pos=(583,939) 9x11 trim_off=(0,0) → new proto#1609 9x11
CC#1894 NEW    pos=(589,919) 8x8 trim_off=(0,0) → new proto#1610 8x8
CC#1895 NEW    pos=(597,919) 7x8 trim_off=(0,0) → new proto#1611 7x8
CC#1896 NEW    pos=(597,939) 7x11 trim_off=(0,0) → new proto#1612 7x11
CC#1897 NEW    pos=(604,915) 4x12 trim_off=(0,0) → new proto#1613 4x12
CC#1898 NEW    pos=(605,939) 7x8 trim_off=(0,0) → new proto#1614 7x8
CC#1899 NEW    pos=(609,919) 7x8 trim_off=(0,0) → new proto#1615 7x8
CC#1900 NEW    pos=(612,939) 20x8 trim_off=(0,0) → new proto#1616 20x8
CC#1901 NEW    pos=(617,915) 7x12 trim_off=(0,0) → new proto#1617 7x12
CC#1902 LOSSY  pos=(625,919) 7x8 → proto#861 7x8 err=2 dx=0 dy=0
CC#1903 NEW    pos=(0,980) 5x59 trim_off=(0,0) → new proto#1618 5x59
CC#1904 NEW    pos=(75,955) 15x12 trim_off=(0,0) → new proto#1619 15x12
CC#1905 NEW    pos=(75,971) 27x12 trim_off=(0,0) → new proto#1620 27x12
CC#1906 NEW    pos=(91,951) 17x12 trim_off=(0,0) → new proto#1621 17x12
CC#1907 NEW    pos=(103,974) 7x9 trim_off=(0,0) → new proto#1622 7x9
CC#1908 NEW    pos=(113,955) 10x8 trim_off=(0,0) → new proto#1623 10x8
CC#1909 NEW    pos=(114,974) 8x10 trim_off=(0,0) → new proto#1624 8x10
CC#1910 NEW    pos=(123,952) 27x13 trim_off=(0,0) → new proto#1625 27x13
CC#1911 NEW    pos=(127,974) 20x10 trim_off=(0,0) → new proto#1626 20x10
CC#1912 EXACT  pos=(131,952) 4x3 → proto#233 4x3
CC#1913 NEW    pos=(147,971) 33x13 trim_off=(0,0) → new proto#1627 33x13
CC#1914 LOSSY  pos=(155,955) 8x9 → proto#547 8x9 err=3 dx=0 dy=0
CC#1915 NEW    pos=(168,954) 22x10 trim_off=(0,0) → new proto#1628 22x10
CC#1916 LOSSY  pos=(174,952) 3x3 → proto#190 3x3 err=1 dx=0 dy=0
CC#1917 NEW    pos=(180,981) 3x3 trim_off=(0,0) → new proto#1629 3x3
CC#1918 NEW    pos=(190,956) 24x8 trim_off=(0,0) → new proto#1630 24x8
CC#1919 NEW    pos=(215,953) 17x11 trim_off=(0,0) → new proto#1631 17x11
CC#1920 LOSSY  pos=(233,956) 7x8 → proto#1268 7x8 err=2 dx=0 dy=0
CC#1921 NEW    pos=(241,956) 8x12 trim_off=(0,0) → new proto#1632 8x12
CC#1922 NEW    pos=(254,956) 16x12 trim_off=(0,0) → new proto#1633 16x12
CC#1923 NEW    pos=(270,953) 9x12 trim_off=(0,0) → new proto#1634 9x12
CC#1924 EXACT  pos=(275,953) 3x3 → proto#180 3x3
CC#1925 NEW    pos=(279,954) 9x11 trim_off=(0,0) → new proto#1635 9x11
CC#1926 EXACT  pos=(285,953) 3x3 → proto#468 3x3
CC#1927 NEW    pos=(289,957) 10x8 trim_off=(0,0) → new proto#1636 10x8
CC#1928 EXACT  pos=(296,953) 3x3 → proto#468 3x3
CC#1929 NEW    pos=(300,957) 6x7 trim_off=(0,0) → new proto#1637 6x7
CC#1930 NEW    pos=(307,957) 8x8 trim_off=(0,0) → new proto#1638 8x8
CC#1931 NEW    pos=(321,957) 22x8 trim_off=(0,0) → new proto#1639 22x8
CC#1932 NEW    pos=(349,954) 14x11 trim_off=(0,0) → new proto#1640 14x11
CC#1933 NEW    pos=(364,957) 6x8 trim_off=(0,0) → new proto#1641 6x8
CC#1934 NEW    pos=(370,955) 5x11 trim_off=(0,0) → new proto#1642 5x11
CC#1935 NEW    pos=(376,958) 7x7 trim_off=(0,0) → new proto#1643 7x7
CC#1936 NEW    pos=(383,958) 11x7 trim_off=(0,0) → new proto#1644 11x7
CC#1937 LOSSY  pos=(399,958) 8x7 → proto#770 8x7 err=1 dx=0 dy=0
CC#1938 NEW    pos=(407,958) 15x11 trim_off=(0,0) → new proto#1645 15x11
CC#1939 LOSSY  pos=(423,958) 8x8 → proto#503 8x8 err=2 dx=0 dy=0
CC#1940 LOSSY  pos=(436,956) 5x10 → proto#441 5x10 err=2 dx=0 dy=0
CC#1941 NEW    pos=(442,954) 15x12 trim_off=(0,0) → new proto#1646 15x12
CC#1942 NEW    pos=(463,954) 8x12 trim_off=(0,0) → new proto#1647 8x12
CC#1943 NEW    pos=(469,954) 4x3 trim_off=(0,0) → new proto#1648 4x3
CC#1944 NEW    pos=(473,958) 8x8 trim_off=(0,0) → new proto#1649 8x8
CC#1945 LOSSY  pos=(482,954) 3x3 → proto#190 3x3 err=1 dx=0 dy=0
CC#1946 LOSSY  pos=(482,958) 4x8 → proto#964 4x8 err=2 dx=0 dy=0
CC#1947 NEW    pos=(486,958) 7x8 trim_off=(0,0) → new proto#1650 7x8
CC#1948 NEW    pos=(493,958) 8x7 trim_off=(0,0) → new proto#1651 8x7
CC#1949 NEW    pos=(502,963) 3x6 trim_off=(0,0) → new proto#1652 3x6
CC#1950 NEW    pos=(509,954) 6x12 trim_off=(0,0) → new proto#1653 6x12
CC#1951 LOSSY  pos=(515,958) 7x8 → proto#638 7x8 err=1 dx=0 dy=0
CC#1952 NEW    pos=(523,958) 5x8 trim_off=(0,0) → new proto#1654 5x8
CC#1953 NEW    pos=(533,958) 9x7 trim_off=(0,0) → new proto#1655 9x7
CC#1954 NEW    pos=(543,954) 7x12 trim_off=(0,0) → new proto#1656 7x12
CC#1955 LOSSY  pos=(552,958) 3x8 → proto#928 3x8 err=1 dx=0 dy=0
CC#1956 LOSSY  pos=(556,954) 14x12 → proto#1078 14x12 err=8 dx=0 dy=0
CC#1957 LOSSY  pos=(576,955) 7x11 → proto#1581 7x11 err=3 dx=0 dy=0
CC#1958 NEW    pos=(584,958) 6x8 trim_off=(0,0) → new proto#1657 6x8
CC#1959 LOSSY  pos=(596,958) 8x8 → proto#208 8x8 err=3 dx=0 dy=0
CC#1960 NEW    pos=(604,958) 7x8 trim_off=(0,0) → new proto#1658 7x8
CC#1961 NEW    pos=(611,958) 7x8 trim_off=(0,0) → new proto#1659 7x8
CC#1962 NEW    pos=(618,958) 7x8 trim_off=(0,0) → new proto#1660 7x8
CC#1963 NEW    pos=(626,958) 6x8 trim_off=(0,0) → new proto#1661 6x8
CC#1964 NEW    pos=(3,999) 3x4 trim_off=(0,0) → new proto#1662 3x4
CC#1965 LOSSY  pos=(75,1013) 8x8 → proto#677 8x8 err=3 dx=0 dy=0
CC#1966 NEW    pos=(83,1013) 20x8 trim_off=(0,0) → new proto#1663 20x8
CC#1967 NEW    pos=(91,1010) 4x3 trim_off=(0,0) → new proto#1664 4x3
CC#1968 NEW    pos=(99,990) 3x6 trim_off=(0,0) → new proto#1665 3x6
CC#1969 NEW    pos=(103,1013) 8x8 trim_off=(0,0) → new proto#1666 8x8
CC#1970 NEW    pos=(104,991) 3x5 trim_off=(0,0) → new proto#1667 3x5
CC#1971 NEW    pos=(110,990) 7x12 trim_off=(0,0) → new proto#1668 7x12
CC#1972 EXACT  pos=(111,1010) 4x3 → proto#233 4x3
CC#1973 NEW    pos=(112,1014) 3x7 trim_off=(0,0) → new proto#1669 3x7
CC#1974 NEW    pos=(116,994) 9x8 trim_off=(0,0) → new proto#1670 9x8
CC#1975 NEW    pos=(116,1013) 6x8 trim_off=(0,0) → new proto#1671 6x8
CC#1976 LOSSY  pos=(122,1011) 5x11 → proto#1642 5x11 err=2 dx=0 dy=0
CC#1977 NEW    pos=(128,1019) 3x5 trim_off=(0,0) → new proto#1672 3x5
CC#1978 NEW    pos=(130,991) 20x12 trim_off=(0,0) → new proto#1673 20x12
CC#1979 LOSSY  pos=(137,1010) 6x11 → proto#1497 6x11 err=3 dx=0 dy=0
CC#1980 NEW    pos=(148,1014) 10x8 trim_off=(0,0) → new proto#1674 10x8
CC#1981 NEW    pos=(154,991) 16x14 trim_off=(0,0) → new proto#1675 16x14
CC#1982 NEW    pos=(158,1014) 16x8 trim_off=(0,0) → new proto#1676 16x8
CC#1983 NEW    pos=(171,995) 15x9 trim_off=(0,0) → new proto#1677 15x9
CC#1984 NEW    pos=(174,1010) 12x13 trim_off=(0,0) → new proto#1678 12x13
CC#1985 NEW    pos=(186,993) 13x10 trim_off=(0,0) → new proto#1679 13x10
CC#1986 NEW    pos=(191,1014) 8x9 trim_off=(0,0) → new proto#1680 8x9
CC#1987 NEW    pos=(199,1014) 15x9 trim_off=(0,0) → new proto#1681 15x9
CC#1988 NEW    pos=(207,991) 7x12 trim_off=(0,0) → new proto#1682 7x12
CC#1989 NEW    pos=(214,1014) 17x9 trim_off=(0,0) → new proto#1683 17x9
CC#1990 LOSSY  pos=(219,995) 7x8 → proto#1149 7x8 err=2 dx=0 dy=0
CC#1991 NEW    pos=(226,995) 17x8 trim_off=(0,0) → new proto#1684 17x8
CC#1992 NEW    pos=(232,1015) 5x8 trim_off=(0,0) → new proto#1685 5x8
CC#1993 NEW    pos=(243,995) 15x8 trim_off=(0,0) → new proto#1686 15x8
CC#1994 NEW    pos=(243,1011) 7x12 trim_off=(0,0) → new proto#1687 7x12
CC#1995 NEW    pos=(251,1012) 4x11 trim_off=(0,0) → new proto#1688 4x11
CC#1996 NEW    pos=(256,1015) 11x8 trim_off=(0,0) → new proto#1689 11x8
CC#1997 NEW    pos=(258,992) 30x12 trim_off=(0,0) → new proto#1690 30x12
CC#1998 LOSSY  pos=(273,1012) 4x11 → proto#791 4x11 err=2 dx=0 dy=0
CC#1999 NEW    pos=(277,1015) 9x8 trim_off=(0,0) → new proto#1691 9x8
CC#2000 NEW    pos=(290,1016) 11x7 trim_off=(0,0) → new proto#1692 11x7
CC#2001 NEW    pos=(293,992) 14x12 trim_off=(0,0) → new proto#1693 14x12
CC#2002 NEW    pos=(302,1015) 15x9 trim_off=(0,0) → new proto#1694 15x9
CC#2003 NEW    pos=(308,996) 7x8 trim_off=(0,0) → new proto#1695 7x8
CC#2004 NEW    pos=(314,994) 6x10 trim_off=(0,0) → new proto#1696 6x10
CC#2005 NEW    pos=(317,1015) 21x12 trim_off=(0,0) → new proto#1697 21x12
CC#2006 NEW    pos=(321,1002) 2x5 trim_off=(0,0) → new proto#1698 2x5
CC#2007 NEW    pos=(329,992) 11x12 trim_off=(0,0) → new proto#1699 11x12
CC#2008 LOSSY  pos=(339,1012) 4x12 → proto#1488 4x12 err=2 dx=0 dy=0
CC#2009 NEW    pos=(343,1012) 4x12 trim_off=(0,0) → new proto#1700 4x12
CC#2010 LOSSY  pos=(348,1016) 7x8 → proto#490 7x8 err=1 dx=0 dy=0
CC#2011 NEW    pos=(349,996) 15x8 trim_off=(0,0) → new proto#1701 15x8
CC#2012 LOSSY  pos=(355,1013) 8x11 → proto#370 8x11 err=4 dx=0 dy=0
CC#2013 NEW    pos=(364,996) 8x12 trim_off=(0,0) → new proto#1702 8x12
CC#2014 LOSSY  pos=(364,1012) 3x12 → proto#405 3x12 err=2 dx=0 dy=0
CC#2015 NEW    pos=(368,1016) 16x8 trim_off=(0,0) → new proto#1703 16x8
CC#2016 NEW    pos=(377,996) 19x9 trim_off=(0,0) → new proto#1704 19x9
CC#2017 EXACT  pos=(394,1021) 2x3 → proto#847 2x3
CC#2018 NEW    pos=(397,997) 7x11 trim_off=(0,0) → new proto#1705 7x11
CC#2019 LOSSY  pos=(405,997) 6x8 → proto#646 6x8 err=2 dx=0 dy=0
CC#2020 EXACT  pos=(406,1021) 2x3 → proto#847 2x3
CC#2021 NEW    pos=(412,997) 6x8 trim_off=(0,0) → new proto#1706 6x8
CC#2022 EXACT  pos=(418,1021) 2x3 → proto#847 2x3
CC#2023 NEW    pos=(419,994) 4x10 trim_off=(0,0) → new proto#1707 4x10
CC#2024 LOSSY  pos=(424,997) 7x8 → proto#1321 7x8 err=2 dx=0 dy=0
CC#2025 NEW    pos=(429,1012) 10x12 trim_off=(0,0) → new proto#1708 10x12
CC#2026 NEW    pos=(431,993) 8x12 trim_off=(0,0) → new proto#1709 8x12
CC#2027 NEW    pos=(439,993) 4x11 trim_off=(0,0) → new proto#1710 4x11
CC#2028 NEW    pos=(440,1016) 7x8 trim_off=(0,0) → new proto#1711 7x8
CC#2029 LOSSY  pos=(444,997) 7x8 → proto#1244 7x8 err=2 dx=0 dy=0
CC#2030 NEW    pos=(448,1014) 5x10 trim_off=(0,0) → new proto#1712 5x10
CC#2031 NEW    pos=(459,997) 27x8 trim_off=(0,0) → new proto#1713 27x8
CC#2032 NEW    pos=(459,1012) 6x12 trim_off=(0,0) → new proto#1714 6x12
CC#2033 LOSSY  pos=(470,1013) 16x11 → proto#1500 16x11 err=6 dx=0 dy=0
CC#2034 NEW    pos=(486,1016) 7x8 trim_off=(0,0) → new proto#1715 7x8
CC#2035 NEW    pos=(493,997) 9x7 trim_off=(0,0) → new proto#1716 9x7
CC#2036 NEW    pos=(493,1016) 7x9 trim_off=(0,0) → new proto#1717 7x9
CC#2037 LOSSY  pos=(502,997) 8x8 → proto#1453 8x8 err=3 dx=0 dy=0
CC#2038 LOSSY  pos=(508,1016) 7x8 → proto#525 7x8 err=2 dx=0 dy=0
CC#2039 NEW    pos=(511,997) 6x8 trim_off=(0,0) → new proto#1718 6x8
CC#2040 NEW    pos=(516,1013) 6x11 trim_off=(0,0) → new proto#1719 6x11
CC#2041 LOSSY  pos=(518,993) 4x12 → proto#1103 4x12 err=2 dx=0 dy=0
CC#2042 NEW    pos=(522,993) 8x12 trim_off=(0,0) → new proto#1720 8x12
CC#2043 NEW    pos=(522,1014) 20x11 trim_off=(0,0) → new proto#1721 20x11
CC#2044 NEW    pos=(539,994) 18x11 trim_off=(0,0) → new proto#1722 18x11
CC#2045 NEW    pos=(550,1015) 38x10 trim_off=(0,0) → new proto#1723 38x10
CC#2046 NEW    pos=(557,994) 4x11 trim_off=(0,0) → new proto#1724 4x11
CC#2047 NEW    pos=(567,997) 12x8 trim_off=(0,0) → new proto#1725 12x8
CC#2048 LOSSY  pos=(579,997) 7x8 → proto#952 7x8 err=2 dx=0 dy=0
CC#2049 LOSSY  pos=(589,1013) 14x12 → proto#1355 14x12 err=7 dx=0 dy=0
CC#2050 NEW    pos=(594,997) 7x8 trim_off=(0,0) → new proto#1726 7x8
CC#2051 NEW    pos=(609,994) 7x11 trim_off=(0,0) → new proto#1727 7x11
CC#2052 NEW    pos=(611,1015) 5x10 trim_off=(0,0) → new proto#1728 5x10
CC#2053 NEW    pos=(616,1013) 8x11 trim_off=(0,0) → new proto#1729 8x11
CC#2054 LOSSY  pos=(617,994) 3x11 → proto#689 3x11 err=2 dx=0 dy=0
CC#2055 NEW    pos=(621,997) 6x8 trim_off=(0,0) → new proto#1730 6x8
CC#2056 NEW    pos=(624,1017) 7x8 trim_off=(0,0) → new proto#1731 7x8
CC#2057 EXACT  pos=(628,1001) 3x2 → proto#585 3x2
CC#2058 NEW    pos=(0,1054) 3x47 trim_off=(0,0) → new proto#1732 3x47
CC#2059 NEW    pos=(1,1040) 3x15 trim_off=(0,0) → new proto#1733 3x15
CC#2060 LOSSY  pos=(75,1033) 6x8 → proto#766 6x8 err=2 dx=0 dy=0
CC#2061 NEW    pos=(75,1050) 13x10 trim_off=(0,0) → new proto#1734 13x10
CC#2062 NEW    pos=(81,1030) 4x2 trim_off=(0,0) → new proto#1735 4x2
CC#2063 NEW    pos=(82,1033) 3x8 trim_off=(0,0) → new proto#1736 3x8
CC#2064 NEW    pos=(86,1033) 7x12 trim_off=(0,0) → new proto#1737 7x12
CC#2065 NEW    pos=(93,1053) 6x7 trim_off=(0,0) → new proto#1738 6x7
CC#2066 NEW    pos=(94,1029) 7x11 trim_off=(0,0) → new proto#1739 7x11
CC#2067 NEW    pos=(99,1049) 8x11 trim_off=(0,0) → new proto#1740 8x11
CC#2068 NEW    pos=(102,1031) 8x13 trim_off=(0,0) → new proto#1741 8x13
CC#2069 NEW    pos=(108,1053) 7x7 trim_off=(0,0) → new proto#1742 7x7
CC#2070 LOSSY  pos=(115,1053) 8x8 → proto#965 8x8 err=3 dx=0 dy=0
CC#2071 NEW    pos=(116,1029) 7x12 trim_off=(0,0) → new proto#1743 7x12
CC#2072 LOSSY  pos=(123,1033) 7x8 → proto#508 7x8 err=2 dx=0 dy=0
CC#2073 NEW    pos=(124,1053) 7x5 trim_off=(0,0) → new proto#1744 7x5
CC#2074 NEW    pos=(124,1059) 7x5 trim_off=(0,0) → new proto#1745 7x5
CC#2075 NEW    pos=(130,1033) 6x8 trim_off=(0,0) → new proto#1746 6x8
CC#2076 NEW    pos=(131,1053) 7x8 trim_off=(0,0) → new proto#1747 7x8
CC#2077 LOSSY  pos=(141,1033) 10x8 → proto#477 10x8 err=3 dx=0 dy=0
CC#2078 LOSSY  pos=(146,1051) 5x10 → proto#1331 5x10 err=2 dx=0 dy=0
CC#2079 NEW    pos=(151,1029) 28x13 trim_off=(0,0) → new proto#1748 28x13
CC#2080 NEW    pos=(151,1049) 8x12 trim_off=(0,0) → new proto#1749 8x12
CC#2081 EXACT  pos=(160,1030) 4x3 → proto#423 4x3
CC#2082 NEW    pos=(160,1053) 6x8 trim_off=(0,0) → new proto#1750 6x8
CC#2083 NEW    pos=(167,1049) 3x12 trim_off=(0,0) → new proto#1751 3x12
CC#2084 NEW    pos=(171,1053) 6x8 trim_off=(0,0) → new proto#1752 6x8
CC#2085 NEW    pos=(185,1053) 30x12 trim_off=(0,0) → new proto#1753 30x12
CC#2086 NEW    pos=(187,1030) 21x12 trim_off=(0,0) → new proto#1754 21x12
CC#2087 NEW    pos=(213,1031) 16x12 trim_off=(0,0) → new proto#1755 16x12
CC#2088 NEW    pos=(215,1054) 14x8 trim_off=(0,0) → new proto#1756 14x8
CC#2089 NEW    pos=(229,1032) 6x11 trim_off=(0,0) → new proto#1757 6x11
CC#2090 NEW    pos=(229,1054) 12x8 trim_off=(0,0) → new proto#1758 12x8
CC#2091 LOSSY  pos=(235,1032) 5x10 → proto#1537 5x10 err=2 dx=0 dy=0
CC#2092 NEW    pos=(240,1031) 11x12 trim_off=(0,0) → new proto#1759 11x12
CC#2093 NEW    pos=(241,1054) 15x8 trim_off=(0,0) → new proto#1760 15x8
CC#2094 NEW    pos=(252,1034) 6x9 trim_off=(0,0) → new proto#1761 6x9
CC#2095 NEW    pos=(257,1052) 5x10 trim_off=(0,0) → new proto#1762 5x10
CC#2096 LOSSY  pos=(263,1035) 7x8 → proto#166 7x8 err=2 dx=0 dy=0
CC#2097 NEW    pos=(267,1054) 10x8 trim_off=(0,0) → new proto#1763 10x8
CC#2098 NEW    pos=(271,1031) 6x12 trim_off=(0,0) → new proto#1764 6x12
CC#2099 LOSSY  pos=(278,1051) 8x11 → proto#161 8x11 err=4 dx=0 dy=0
CC#2100 NEW    pos=(284,1031) 14x12 trim_off=(0,0) → new proto#1765 14x12
CC#2101 NEW    pos=(286,1054) 15x9 trim_off=(0,0) → new proto#1766 15x9
CC#2102 NEW    pos=(298,1035) 7x8 trim_off=(0,0) → new proto#1767 7x8
CC#2103 LOSSY  pos=(301,1055) 7x8 → proto#943 7x8 err=2 dx=0 dy=0
CC#2104 NEW    pos=(308,1055) 8x7 trim_off=(0,0) → new proto#1768 8x7
CC#2105 NEW    pos=(314,1031) 18x12 trim_off=(0,0) → new proto#1769 18x12
CC#2106 NEW    pos=(316,1055) 6x8 trim_off=(0,0) → new proto#1770 6x8
CC#2107 LOSSY  pos=(323,1055) 6x8 → proto#766 6x8 err=2 dx=0 dy=0
CC#2108 NEW    pos=(332,1035) 7x8 trim_off=(0,0) → new proto#1771 7x8
CC#2109 NEW    pos=(337,1051) 3x12 trim_off=(0,0) → new proto#1772 3x12
CC#2110 NEW    pos=(340,1035) 7x8 trim_off=(0,0) → new proto#1773 7x8
CC#2111 NEW    pos=(341,1053) 6x10 trim_off=(0,0) → new proto#1774 6x10
CC#2112 NEW    pos=(347,1032) 5x11 trim_off=(0,0) → new proto#1775 5x11
CC#2113 NEW    pos=(352,1035) 8x8 trim_off=(0,0) → new proto#1776 8x8
CC#2114 NEW    pos=(354,1055) 18x8 trim_off=(0,0) → new proto#1777 18x8
CC#2115 LOSSY  pos=(360,1033) 9x10 → proto#704 9x10 err=4 dx=0 dy=0
CC#2116 EXACT  pos=(366,1032) 3x3 → proto#468 3x3
CC#2117 NEW    pos=(369,1035) 16x8 trim_off=(0,0) → new proto#1778 16x8
CC#2118 LOSSY  pos=(373,1055) 6x8 → proto#1535 6x8 err=2 dx=0 dy=0
CC#2119 LOSSY  pos=(387,1052) 6x11 → proto#908 6x11 err=3 dx=0 dy=0
CC#2120 NEW    pos=(391,1036) 10x7 trim_off=(0,0) → new proto#1779 10x7
CC#2121 LOSSY  pos=(393,1055) 7x8 → proto#1195 7x8 err=2 dx=0 dy=0
CC#2122 NEW    pos=(400,1055) 8x8 trim_off=(0,0) → new proto#1780 8x8
CC#2123 NEW    pos=(401,1035) 7x8 trim_off=(0,0) → new proto#1781 7x8
CC#2124 NEW    pos=(408,1035) 13x9 trim_off=(0,0) → new proto#1782 13x9
CC#2125 LOSSY  pos=(408,1055) 8x8 → proto#1108 8x8 err=2 dx=0 dy=0
CC#2126 NEW    pos=(417,1051) 7x12 trim_off=(0,0) → new proto#1783 7x12
CC#2127 NEW    pos=(428,1032) 7x12 trim_off=(0,0) → new proto#1784 7x12
CC#2128 LOSSY  pos=(432,1053) 5x10 → proto#640 5x10 err=1 dx=0 dy=0
CC#2129 NEW    pos=(435,1036) 7x7 trim_off=(0,0) → new proto#1785 7x7
CC#2130 LOSSY  pos=(438,1055) 7x8 → proto#416 7x8 err=2 dx=0 dy=0
CC#2131 LOSSY  pos=(443,1036) 7x7 → proto#735 7x7 err=2 dx=0 dy=0
CC#2132 NEW    pos=(450,1032) 16x15 trim_off=(0,0) → new proto#1786 16x15
CC#2133 NEW    pos=(451,1052) 14x11 trim_off=(0,0) → new proto#1787 14x11
CC#2134 NEW    pos=(467,1034) 26x10 trim_off=(0,0) → new proto#1788 26x10
CC#2135 NEW    pos=(473,1055) 8x8 trim_off=(0,0) → new proto#1789 8x8
CC#2136 NEW    pos=(481,1056) 8x11 trim_off=(0,0) → new proto#1790 8x11
CC#2137 NEW    pos=(489,1056) 8x11 trim_off=(0,0) → new proto#1791 8x11
CC#2138 NEW    pos=(493,1032) 8x12 trim_off=(0,0) → new proto#1792 8x12
CC#2139 NEW    pos=(498,1056) 12x8 trim_off=(0,0) → new proto#1793 12x8
CC#2140 NEW    pos=(501,1036) 7x8 trim_off=(0,0) → new proto#1794 7x8
CC#2141 NEW    pos=(511,1055) 6x8 trim_off=(0,0) → new proto#1795 6x8
CC#2142 NEW    pos=(516,1033) 10x11 trim_off=(0,0) → new proto#1796 10x11
CC#2143 NEW    pos=(518,1056) 5x7 trim_off=(0,0) → new proto#1797 5x7
CC#2144 LOSSY  pos=(523,1052) 4x3 → proto#198 4x3 err=1 dx=0 dy=0
CC#2145 NEW    pos=(524,1056) 3x8 trim_off=(0,0) → new proto#1798 3x8
CC#2146 NEW    pos=(527,1036) 7x12 trim_off=(0,0) → new proto#1799 7x12
CC#2147 NEW    pos=(528,1056) 7x8 trim_off=(0,0) → new proto#1800 7x8
CC#2148 LOSSY  pos=(534,1033) 8x11 → proto#161 8x11 err=2 dx=0 dy=0
CC#2149 LOSSY  pos=(536,1056) 6x8 → proto#1528 6x8 err=1 dx=0 dy=0
CC#2150 LOSSY  pos=(542,1034) 6x10 → proto#1282 6x10 err=2 dx=0 dy=0
CC#2151 NEW    pos=(543,1061) 3x6 trim_off=(0,0) → new proto#1801 3x6
CC#2152 NEW    pos=(552,1056) 7x8 trim_off=(0,0) → new proto#1802 7x8
CC#2153 NEW    pos=(553,1036) 7x8 trim_off=(0,0) → new proto#1803 7x8
CC#2154 NEW    pos=(559,1056) 8x8 trim_off=(0,0) → new proto#1804 8x8
CC#2155 NEW    pos=(561,1033) 6x11 trim_off=(0,0) → new proto#1805 6x11
CC#2156 NEW    pos=(568,1052) 7x12 trim_off=(0,0) → new proto#1806 7x12
CC#2157 LOSSY  pos=(574,1036) 8x8 → proto#258 8x8 err=3 dx=0 dy=0
CC#2158 NEW    pos=(583,1056) 6x7 trim_off=(0,0) → new proto#1807 6x7
CC#2159 NEW    pos=(589,1036) 22x12 trim_off=(0,0) → new proto#1808 22x12
CC#2160 NEW    pos=(590,1056) 7x8 trim_off=(0,0) → new proto#1809 7x8
CC#2161 NEW    pos=(597,1053) 9x11 trim_off=(0,0) → new proto#1810 9x11
CC#2162 NEW    pos=(606,1056) 7x7 trim_off=(0,0) → new proto#1811 7x7
CC#2163 NEW    pos=(612,1036) 8x11 trim_off=(0,0) → new proto#1812 8x11
CC#2164 NEW    pos=(614,1056) 6x8 trim_off=(0,0) → new proto#1813 6x8
CC#2165 NEW    pos=(620,1033) 4x11 trim_off=(0,0) → new proto#1814 4x11
CC#2166 NEW    pos=(621,1056) 10x7 trim_off=(0,0) → new proto#1815 10x7
CC#2167 NEW    pos=(625,1036) 6x8 trim_off=(0,0) → new proto#1816 6x8
CC#2168 NEW    pos=(75,1072) 6x8 trim_off=(0,0) → new proto#1817 6x8
CC#2169 EXACT  pos=(82,1069) 3x2 → proto#585 3x2
CC#2170 NEW    pos=(82,1072) 3x8 trim_off=(0,0) → new proto#1818 3x8
CC#2171 NEW    pos=(86,1072) 7x8 trim_off=(0,0) → new proto#1819 7x8
CC#2172 LOSSY  pos=(94,1072) 6x8 → proto#701 6x8 err=1 dx=0 dy=0
CC#2173 NEW    pos=(106,1072) 7x8 trim_off=(0,0) → new proto#1820 7x8
CC#2174 NEW    pos=(113,1069) 6x11 trim_off=(0,0) → new proto#1821 6x11
CC#2175 LOSSY  pos=(127,1070) 5x10 → proto#1272 5x10 err=2 dx=0 dy=0
CC#2176 NEW    pos=(133,1069) 7x11 trim_off=(0,0) → new proto#1822 7x11
CC#2177 NEW    pos=(141,1072) 7x9 trim_off=(0,0) → new proto#1823 7x9
CC#2178 NEW    pos=(153,1072) 7x8 trim_off=(0,0) → new proto#1824 7x8
CC#2179 NEW    pos=(161,1069) 7x11 trim_off=(0,0) → new proto#1825 7x11
CC#2180 NEW    pos=(168,1073) 5x11 trim_off=(0,0) → new proto#1826 5x11
CC#2181 EXACT  pos=(170,1069) 3x3 → proto#464 3x3
CC#2182 NEW    pos=(174,1073) 13x8 trim_off=(0,0) → new proto#1827 13x8
CC#2183 NEW    pos=(188,1071) 11x10 trim_off=(0,0) → new proto#1828 11x10
CC#2184 NEW    pos=(204,1070) 7x11 trim_off=(0,0) → new proto#1829 7x11
CC#2185 NEW    pos=(211,1073) 7x8 trim_off=(0,0) → new proto#1830 7x8
CC#2186 LOSSY  pos=(218,1073) 6x8 → proto#1521 6x8 err=2 dx=0 dy=0
CC#2187 NEW    pos=(229,1073) 11x8 trim_off=(0,0) → new proto#1831 11x8
CC#2188 NEW    pos=(240,1070) 12x11 trim_off=(0,0) → new proto#1832 12x11
CC#2189 EXACT  pos=(248,1070) 3x3 → proto#723 3x3
CC#2190 NEW    pos=(253,1074) 6x8 trim_off=(0,0) → new proto#1833 6x8
CC#2191 NEW    pos=(259,1070) 8x12 trim_off=(0,0) → new proto#1834 8x12
CC#2192 NEW    pos=(272,1074) 16x11 trim_off=(0,0) → new proto#1835 16x11
CC#2193 NEW    pos=(288,1074) 8x7 trim_off=(0,0) → new proto#1836 8x7
CC#2194 NEW    pos=(296,1074) 6x8 trim_off=(0,0) → new proto#1837 6x8
CC#2195 NEW    pos=(303,1074) 6x8 trim_off=(0,0) → new proto#1838 6x8
CC#2196 NEW    pos=(310,1074) 7x8 trim_off=(0,0) → new proto#1839 7x8
CC#2197 NEW    pos=(318,1074) 11x8 trim_off=(0,0) → new proto#1840 11x8
CC#2198 NEW    pos=(330,1074) 15x8 trim_off=(0,0) → new proto#1841 15x8
CC#2199 NEW    pos=(345,1072) 11x10 trim_off=(0,0) → new proto#1842 11x10
CC#2200 NEW    pos=(362,1074) 7x8 trim_off=(0,0) → new proto#1843 7x8
CC#2201 NEW    pos=(369,1075) 13x7 trim_off=(0,0) → new proto#1844 13x7
CC#2202 EXACT  pos=(390,1071) 4x3 → proto#233 4x3
CC#2203 NEW    pos=(390,1075) 4x7 trim_off=(0,0) → new proto#1845 4x7
CC#2204 NEW    pos=(395,1074) 14x8 trim_off=(0,0) → new proto#1846 14x8
CC#2205 NEW    pos=(410,1073) 4x9 trim_off=(0,0) → new proto#1847 4x9
CC#2206 EXACT  pos=(415,1071) 3x3 → proto#190 3x3
CC#2207 NEW    pos=(415,1075) 4x8 trim_off=(0,0) → new proto#1848 4x8
CC#2208 NEW    pos=(420,1073) 4x9 trim_off=(0,0) → new proto#1849 4x9
CC#2209 NEW    pos=(425,1074) 7x8 trim_off=(0,0) → new proto#1850 7x8
CC#2210 NEW    pos=(433,1071) 20x12 trim_off=(0,0) → new proto#1851 20x12
CC#2211 NEW    pos=(453,1075) 23x8 trim_off=(0,0) → new proto#1852 23x8
CC#2212 NEW    pos=(476,1075) 8x8 trim_off=(0,0) → new proto#1853 8x8
CC#2213 NEW    pos=(485,1071) 7x12 trim_off=(0,0) → new proto#1854 7x12
CC#2214 NEW    pos=(500,1071) 9x12 trim_off=(0,0) → new proto#1855 9x12
CC#2215 NEW    pos=(509,1075) 8x8 trim_off=(0,0) → new proto#1856 8x8
CC#2216 NEW    pos=(517,1075) 7x8 trim_off=(0,0) → new proto#1857 7x8
CC#2217 LOSSY  pos=(524,1075) 7x8 → proto#952 7x8 err=2 dx=0 dy=0
CC#2218 NEW    pos=(539,1075) 6x8 trim_off=(0,0) → new proto#1858 6x8
CC#2219 LOSSY  pos=(546,1075) 7x8 → proto#661 7x8 err=2 dx=0 dy=0
CC#2220 LOSSY  pos=(553,1076) 8x7 → proto#929 8x7 err=2 dx=0 dy=0
CC#2221 LOSSY  pos=(561,1073) 5x10 → proto#640 5x10 err=1 dx=0 dy=0
CC#2222 NEW    pos=(567,1075) 15x8 trim_off=(0,0) → new proto#1859 15x8
CC#2223 NEW    pos=(582,1072) 7x11 trim_off=(0,0) → new proto#1860 7x11
CC#2224 NEW    pos=(590,1072) 14x11 trim_off=(0,0) → new proto#1861 14x11
CC#2225 NEW    pos=(612,1071) 6x12 trim_off=(0,0) → new proto#1862 6x12
CC#2226 NEW    pos=(618,1075) 6x8 trim_off=(0,0) → new proto#1863 6x8
CC#2227 LOSSY  pos=(625,1075) 6x8 → proto#244 6x8 err=2 dx=0 dy=0
CC#2228 NEW    pos=(0,1102) 6x98 trim_off=(0,0) → new proto#1864 6x98
CC#2229 NEW    pos=(3,1141) 2x4 trim_off=(0,0) → new proto#1865 2x4
CC#2230 NEW    pos=(518,443) 2x2 trim_off=(0,0) → new proto#1866 2x2
CC#2231 EXACT  pos=(521,640) 2x2 → proto#1866 2x2
CC#2232 EXACT  pos=(267,679) 2x2 → proto#1866 2x2
CC#2233 EXACT  pos=(552,955) 2x2 → proto#1866 2x2

Total CCs: 2234, Instances: 2234

=== PAGE 0 ENCODING LOG ===
Region: 640x1200 at (0,0)
min_x=0 min_y=0 strip_width=1
Total instances: 2234, dict symbols: 3188

Idx    SymID    SymW     StripBase  TOffset  RelX       DeltaT     DeltaS    
0      2808     4        0          0        1          0          1         
--- strip break: IADT delta_t=2 (strip_t 0 → 2)
1      24       2        2          0        4          2          3         
--- strip break: IADT delta_t=10 (strip_t 2 → 12)
2      24       2        12         0        2          10         -2        
--- strip break: IADT delta_t=85 (strip_t 12 → 97)
3      7        2        97         0        449        85         447       
--- strip break: IADT delta_t=23 (strip_t 97 → 120)
4      3136     23       120        0        359        23         -90       
5      3110     11       120        0        443        23         62        
--- strip break: IADT delta_t=1 (strip_t 120 → 121)
6      3116     20       121        0        294        1          -65       
7      3131     12       121        0        313        1          0         
8      3135     21       121        0        332        1          8         
9      3077     22       121        0        382        1          30        
10     3109     11       121        0        404        1          1         
11     2946     10       121        0        415        1          1         
12     2929     9        121        0        433        1          9         
13     3123     28       121        0        454        1          13        
14     3058     20       121        0        490        1          9         
15     3138     88       121        0        510        1          1         
--- strip break: IADT delta_t=1 (strip_t 121 → 122)
16     1788     6        122        0        107        1          -187      
17     3126     32       122        0        121        1          9         
18     2829     6        122        0        172        1          20        
19     2944     10       122        0        178        1          1         
20     3068     21       122        0        189        1          2         
21     1274     10       122        0        218        1          9         
22     2945     10       122        0        228        1          1         
23     2963     12       122        0        245        1          8         
24     3125     31       122        0        264        1          8         
25     3160     9        122        0        623        1          329       
--- strip break: IADT delta_t=1 (strip_t 122 → 123)
26     2828     6        123        0        100        1          -7        
27     2943     10       123        0        161        1          56        
28     3140     9        123        0        613        1          443       
--- strip break: IADT delta_t=1 (strip_t 123 → 124)
29     2595     7        124        0        76         1          -24       
30     2596     7        124        0        84         1          2         
31     2597     7        124        0        92         1          2         
--- strip break: IADT delta_t=7 (strip_t 124 → 131)
32     25       3        131        0        598        7          522       
--- strip break: IADT delta_t=29 (strip_t 131 → 160)
33     3183     31       160        0        291        29         -307      
34     1622     8        160        0        401        29         80        
35     3161     9        160        0        441        29         33        
--- strip break: IADT delta_t=1 (strip_t 160 → 161)
36     3182     19       161        0        267        1          -24       
37     3141     11       161        0        374        1          89        
38     1482     10       161        0        460        1          76        
39     1644     10       161        0        575        1          106       
40     1644     10       161        0        592        1          8         
--- strip break: IADT delta_t=1 (strip_t 161 → 162)
41     1634     9        162        0        106        1          -161      
42     1521     11       162        0        140        1          26        
43     27       4        162        0        152        1          2         
44     3174     22       162        0        246        1          91        
45     27       4        162        0        587        1          320       
--- strip break: IADT delta_t=1 (strip_t 162 → 163)
46     3113     16       163        0        409        1          303       
47     1375     7        163        0        611        1          187       
--- strip break: IADT delta_t=1 (strip_t 163 → 164)
48     1309     7        164        0        133        1          -276      
--- strip break: IADT delta_t=2 (strip_t 164 → 166)
49     2951     11       166        0        320        2          187       
50     2779     18       166        0        329        2          -1        
51     2789     21       166        0        354        2          8         
52     2485     10       166        0        391        2          17        
53     647      9        166        0        426        2          26        
54     2545     43       166        0        471        2          37        
55     648      9        166        0        515        2          2         
56     2479     9        166        0        530        2          7         
57     2799     29       166        0        546        2          8         
--- strip break: IADT delta_t=1 (strip_t 166 → 167)
58     920      11       167        0        115        1          -205      
59     392      5        167        0        151        1          26        
60     2472     7        167        0        157        1          2         
61     2778     18       167        0        171        1          8         
62     987      12       167        0        189        1          1         
63     2711     10       167        0        201        1          1         
64     3154     29       167        0        211        1          1         
65     393      5        167        0        586        1          347       
66     2481     9        167        0        603        1          13        
67     1074     8        167        0        619        1          8         
--- strip break: IADT delta_t=7 (strip_t 167 → 174)
68     106      4        174        0        628        7          513       
--- strip break: IADT delta_t=11 (strip_t 174 → 185)
69     3184     36       185        0        246        11         -382      
70     3162     9        185        0        298        11         17        
71     27       4        185        0        335        11         29        
72     3170     16       185        0        410        11         72        
73     25       3        185        0        422        11         -3        
74     1680     11       185        0        469        11         45        
75     27       4        185        0        521        11         42        
76     3173     18       185        0        562        11         38        
--- strip break: IADT delta_t=2 (strip_t 185 → 187)
77     1281     6        187        0        453        2          207       
78     3129     7        187        0        545        2          87        
--- strip break: IADT delta_t=1 (strip_t 187 → 188)
79     1375     7        188        0        183        1          -270      
--- strip break: IADT delta_t=2 (strip_t 188 → 190)
80     1128     9        190        0        289        2          106       
81     2522     16       190        0        317        2          20        
82     2525     17       190        0        334        2          2         
83     1129     9        190        0        351        2          1         
84     1001     15       190        0        367        2          8         
85     2769     16       190        0        382        2          1         
86     2526     17       190        0        426        2          29        
87     2648     8        190        0        444        2          2         
88     530      8        190        0        460        2          9         
89     3177     29       190        0        491        2          24        
90     922      11       190        0        526        2          7         
91     2649     8        190        0        537        2          1         
--- strip break: IADT delta_t=1 (strip_t 190 → 191)
92     2693     9        191        0        207        1          -82       
93     2930     9        191        0        226        1          11        
94     3166     12       191        0        235        1          1         
95     333      6        191        0        520        1          274       
96     2480     9        191        0        580        1          55        
97     3144     12       191        0        599        1          11        
98     2650     8        191        0        612        1          2         
99     2506     13       191        0        620        1          1         
--- strip break: IADT delta_t=1 (strip_t 191 → 192)
100    2488     11       192        0        75         1          -132      
101    2710     10       192        0        87         1          2         
102    2528     18       192        0        107        1          11        
103    3163     11       192        0        124        1          0         
104    374      4        192        0        136        1          2         
105    391      5        192        0        140        1          1         
106    2520     15       192        0        147        1          3         
107    646      9        192        0        163        1          2         
108    921      11       192        0        172        1          1         
109    826      10       192        0        197        1          15        
--- strip break: IADT delta_t=5 (strip_t 192 → 197)
110    25       3        197        0        586        5          511       
--- strip break: IADT delta_t=12 (strip_t 197 → 209)
111    3169     14       209        0        306        12         -280      
112    1603     5        209        0        330        12         11        
113    25       3        209        0        337        12         3         
114    27       4        209        0        362        12         23        
115    3164     11       209        0        402        12         37        
116    3165     11       209        0        494        12         82        
117    1645     10       209        0        539        12         35        
--- strip break: IADT delta_t=1 (strip_t 209 → 210)
118    3175     28       210        0        191        1          -115      
119    3172     17       210        0        225        1          7         
120    27       4        210        0        254        1          13        
121    13       4        210        0        574        1          317       
122    3159     8        210        0        625        1          48        
--- strip break: IADT delta_t=1 (strip_t 210 → 211)
123    25       3        211        0        131        1          -60       
124    1463     8        211        0        174        1          41        
125    1376     7        211        0        487        1          306       
126    3130     8        211        0        514        1          21        
127    1352     6        211        0        532        1          11        
--- strip break: IADT delta_t=2 (strip_t 211 → 213)
128    1351     6        213        0        96         2          -35       
--- strip break: IADT delta_t=1 (strip_t 213 → 214)
129    3103     6        214        0        124        1          28        
130    2947     10       214        0        259        1          130       
131    2570     5        214        0        336        1          68        
132    2694     9        214        0        342        1          2         
133    2695     9        214        0        368        1          18        
134    2696     9        214        0        414        1          38        
135    2697     9        214        0        438        1          16        
136    2698     9        214        0        550        1          104       
--- strip break: IADT delta_t=1 (strip_t 214 → 215)
137    924      11       215        0        242        1          118       
138    2473     7        215        0        252        1          0         
139    925      11       215        0        269        1          11        
140    650      9        215        0        321        1          42        
141    2523     16       215        0        351        1          22        
142    3167     12       215        0        378        1          12        
143    1002     15       215        0        423        1          34        
144    926      11       215        0        447        1          10        
145    651      9        215        0        458        1          1         
146    531      8        215        0        468        1          2         
147    2482     9        215        0        506        1          31        
148    498      7        215        0        566        1          52        
149    394      5        215        0        573        1          1         
150    3179     30       215        0        579        1          2         
151    1186     10       215        0        615        1          7         
--- strip break: IADT delta_t=1 (strip_t 215 → 216)
152    1681     11       216        0        75         1          -167      
153    1075     8        216        0        87         1          2         
154    1216     11       216        0        103        1          9         
155    2651     8        216        0        115        1          2         
156    923      11       216        0        146        1          24        
157    649      9        216        0        164        1          8         
--- strip break: IADT delta_t=1 (strip_t 216 → 217)
158    307      4        217        0        131        1          56        
159    2388     9        217        0        136        1          2         
--- strip break: IADT delta_t=4 (strip_t 217 → 221)
160    107      4        221        0        390        4          259       
161    108      4        221        0        476        4          83        
--- strip break: IADT delta_t=1 (strip_t 221 → 222)
162    28       4        222        0        281        1          -109      
--- strip break: IADT delta_t=23 (strip_t 222 → 245)
163    2964     12       245        0        468        23         187       
164    3120     23       245        0        480        23         1         
--- strip break: IADT delta_t=1 (strip_t 245 → 246)
165    3151     23       246        0        202        1          -266      
166    2849     7        246        0        231        1          7         
167    3102     53       246        0        243        1          6         
168    14       4        246        0        269        1          -26       
169    3048     18       246        0        301        1          29        
170    13       4        246        0        315        1          -3        
171    3004     15       246        0        331        1          13        
172    2980     14       246        0        359        1          14        
173    2931     9        246        0        385        1          13        
174    2932     9        246        0        408        1          15        
175    2933     9        246        0        446        1          30        
176    3157     37       246        0        516        1          62        
177    14       4        246        0        542        1          -10       
178    48       4        246        0        575        1          30        
179    2886     8        246        0        610        1          32        
--- strip break: IADT delta_t=1 (strip_t 246 → 247)
180    1260     8        247        0        105        1          -97       
181    9        3        247        0        193        1          81        
182    2699     9        247        0        394        1          199       
183    37       3        247        0        461        1          59        
184    3006     15       247        0        618        1          155       
--- strip break: IADT delta_t=1 (strip_t 247 → 248)
185    1076     8        248        0        86         1          -19       
186    2550     4        248        0        94         1          1         
187    2823     5        248        0        197        1          100       
188    396      5        248        0        553        1          352       
--- strip break: IADT delta_t=1 (strip_t 248 → 249)
189    2571     5        249        0        187        1          101       
190    2361     6        249        0        320        1          129       
191    2437     21       249        0        417        1          92        
192    2884     8        249        0        438        1          1         
193    2885     8        249        0        503        1          58        
--- strip break: IADT delta_t=1 (strip_t 249 → 250)
194    1077     8        250        0        346        1          159       
195    1946     7        250        0        373        1          20        
196    191      7        250        0        558        1          179       
197    1949     7        250        0        565        1          1         
198    2325     20       250        0        584        1          13        
199    1872     6        250        0        604        1          1         
--- strip break: IADT delta_t=1 (strip_t 250 → 251)
200    2152     11       251        0        75         1          -271      
201    148      6        251        0        99         1          14        
202    3003     15       251        0        118        1          14        
203    2081     8        251        0        134        1          2         
204    1944     7        251        0        147        1          6         
205    2214     13       251        0        154        1          1         
206    2414     15       251        0        172        1          6         
207    2347     4        251        0        193        1          7         
--- strip break: IADT delta_t=4 (strip_t 251 → 255)
208    48       4        255        0        571        4          496       
--- strip break: IADT delta_t=10 (strip_t 255 → 265)
209    3119     23       265        0        319        10         -252      
210    2952     11       265        0        349        10         8         
--- strip break: IADT delta_t=1 (strip_t 265 → 266)
211    10       3        266        0        247        1          -72       
212    1036     3        266        0        369        1          120       
213    2652     8        266        0        502        1          131       
214    2981     14       266        0        510        1          1         
215    2965     12       266        0        574        1          51        
216    3005     15       266        0        586        1          1         
--- strip break: IADT delta_t=1 (strip_t 266 → 267)
217    2883     8        267        0        75         1          -172      
218    2809     4        267        0        166        1          84        
219    1238     4        267        0        171        1          2         
220    2733     13       267        0        274        1          100       
--- strip break: IADT delta_t=1 (strip_t 267 → 268)
221    2507     13       268        0        208        1          133       
222    2532     20       268        0        221        1          1         
223    2442     5        268        0        241        1          1         
224    2393     12       268        0        444        1          199       
--- strip break: IADT delta_t=1 (strip_t 268 → 269)
225    395      5        269        0        131        1          -77       
226    2381     8        269        0        251        1          116       
227    2382     8        269        0        259        1          1         
228    2301     16       269        0        295        1          29        
229    1945     7        269        0        342        1          32        
230    256      8        269        0        373        1          25        
231    2415     15       269        0        390        1          10        
232    133      5        269        0        406        1          2         
233    2128     10       269        0        412        1          2         
234    2215     13       269        0        422        1          1         
235    2850     7        269        0        465        1          31        
236    1947     7        269        0        473        1          2         
237    1948     7        269        0        481        1          2         
238    149      6        269        0        489        1          2         
239    2416     15       269        0        523        1          29        
240    2398     13       269        0        539        1          2         
241    2153     11       269        0        563        1          12        
--- strip break: IADT delta_t=1 (strip_t 269 → 270)
242    2178     12       270        0        183        1          52        
243    3107     9        270        0        194        1          0         
244    58       4        270        0        247        1          45        
245    2129     10       270        0        609        1          359       
246    2216     13       270        0        620        1          2         
--- strip break: IADT delta_t=1 (strip_t 270 → 271)
247    1063     7        271        0        84         1          -99       
248    2598     7        271        0        99         1          9         
249    189      7        271        0        107        1          2         
250    2724     12       271        0        114        1          1         
251    190      7        271        0        137        1          12        
252    2246     14       271        0        152        1          9         
--- strip break: IADT delta_t=4 (strip_t 271 → 275)
253    46       3        275        0        552        4          468       
--- strip break: IADT delta_t=10 (strip_t 275 → 285)
254    2887     8        285        0        323        10         -229      
255    14       4        285        0        327        10         -3        
--- strip break: IADT delta_t=1 (strip_t 285 → 286)
256    1238     4        286        0        131        1          -192      
257    2825     5        286        0        135        1          1         
258    2982     14       286        0        144        1          5         
259    3180     30       286        0        159        1          2         
260    2735     13       286        0        359        1          171       
261    2801     37       286        0        390        1          19        
--- strip break: IADT delta_t=1 (strip_t 286 → 287)
262    1        3        287        0        77         1          -54       
263    2734     13       287        0        105        1          26        
264    2534     21       287        0        262        1          145       
--- strip break: IADT delta_t=1 (strip_t 287 → 288)
265    397      5        288        0        95         1          18        
--- strip break: IADT delta_t=1 (strip_t 288 → 289)
266    2405     14       289        0        194        1          99        
267    2417     15       289        0        208        1          1         
268    3027     16       289        0        227        1          5         
269    1951     7        289        0        243        1          1         
270    150      6        289        0        251        1          2         
271    2248     14       289        0        288        1          32        
272    2179     12       289        0        302        1          1         
273    1078     8        289        0        315        1          2         
274    2154     11       289        0        332        1          10        
275    305      15       289        0        344        1          2         
276    2743     14       289        0        372        1          14        
--- strip break: IADT delta_t=1 (strip_t 289 → 290)
277    2824     5        290        0        75         1          -119      
278    1950     7        290        0        81         1          2         
279    1864     5        290        0        89         1          2         
280    257      8        290        0        123        1          30        
--- strip break: IADT delta_t=4 (strip_t 290 → 294)
281    11       3        294        0        428        4          353       
--- strip break: IADT delta_t=10 (strip_t 294 → 304)
282    3118     21       304        0        518        10         90        
--- strip break: IADT delta_t=1 (strip_t 304 → 305)
283    3117     21       305        0        196        1          -322      
284    3091     28       305        0        279        1          63        
285    3096     31       305        0        312        1          6         
286    2983     14       305        0        352        1          10        
287    13       4        305        0        430        1          65        
288    3146     16       305        0        435        1          2         
289    2888     8        305        0        478        1          28        
290    2889     8        305        0        487        1          2         
291    14       4        305        0        491        1          -3        
292    2934     9        305        0        501        1          7         
293    2890     8        305        0        553        1          44        
294    2810     4        305        0        569        1          9         
295    2852     7        305        0        593        1          21        
296    1261     8        305        0        612        1          13        
--- strip break: IADT delta_t=1 (strip_t 305 → 306)
297    1810     7        306        0        99         1          -97       
298    2830     6        306        0        111        1          6         
299    10       3        306        0        133        1          17        
300    3112     14       306        0        137        1          2         
301    2851     7        306        0        156        1          6         
302    3121     23       306        0        168        1          6         
303    1041     4        306        0        222        1          32        
304    1055     6        306        0        374        1          149       
305    468      6        306        0        451        1          72        
--- strip break: IADT delta_t=1 (strip_t 306 → 307)
306    2496     12       307        0        227        1          128       
307    2497     12       307        0        239        1          1         
308    398      5        307        0        607        1          357       
309    2443     5        307        0        628        1          17        
--- strip break: IADT delta_t=1 (strip_t 307 → 308)
310    2371     7        308        0        367        1          140       
311    3007     15       308        0        387        1          14        
312    3028     16       308        0        462        1          61        
313    1865     5        308        0        496        1          19        
314    2155     11       308        0        542        1          42        
315    2372     7        308        0        562        1          10        
--- strip break: IADT delta_t=1 (strip_t 308 → 309)
316    1873     6        309        0        252        1          -115      
317    2653     8        309        0        263        1          6         
318    1952     7        309        0        271        1          1         
319    192      7        309        0        403        1          126       
320    2180     12       309        0        418        1          9         
321    109      4        309        0        430        1          1         
322    1953     7        309        0        574        1          141       
323    2082     8        309        0        585        1          5         
324    1954     7        309        0        621        1          29        
--- strip break: IADT delta_t=1 (strip_t 309 → 310)
325    2247     14       310        0        122        1          -130      
--- strip break: IADT delta_t=4 (strip_t 310 → 314)
326    47       3        314        0        344        4          222       
--- strip break: IADT delta_t=11 (strip_t 314 → 325)
327    3114     19       325        0        166        11         -178      
328    2744     14       325        0        344        11         160       
329    1056     6        325        0        419        11         62        
330    2599     7        325        0        438        11         14        
331    2552     4        325        0        458        11         14        
332    2892     8        325        0        545        11         84        
333    1042     4        325        0        553        11         1         
334    2553     4        325        0        557        11         1         
335    2745     14       325        0        562        11         2         
336    3148     19       325        0        576        11         1         
337    2826     5        325        0        601        11         7         
--- strip break: IADT delta_t=1 (strip_t 325 → 326)
338    3053     19       326        0        86         1          -80       
339    2891     8        326        0        105        1          1         
340    2551     4        326        0        118        1          6         
341    2654     8        326        0        157        1          36        
342    2489     11       326        0        395        1          231       
343    2542     30       326        0        463        1          58        
344    2536     22       326        0        498        1          6         
--- strip break: IADT delta_t=1 (strip_t 326 → 327)
345    2508     13       327        0        190        1          104       
346    2354     5        327        0        432        1          230       
347    2465     6        327        0        628        1          192       
--- strip break: IADT delta_t=1 (strip_t 327 → 328)
348    2439     22       328        0        208        1          18        
349    258      8        328        0        259        1          30        
350    3030     16       328        0        272        1          6         
351    3069     21       328        0        289        1          2         
352    2218     13       328        0        311        1          2         
353    259      8        328        0        363        1          40        
354    3008     15       328        0        379        1          9         
355    2083     8        328        0        411        1          18        
356    1956     7        328        0        446        1          28        
357    2657     8        328        0        528        1          76        
358    1958     7        328        0        537        1          2         
--- strip break: IADT delta_t=1 (strip_t 328 → 329)
359    2156     11       329        0        75         1          -133      
360    151      6        329        0        123        1          38        
361    3029     16       329        0        135        1          7         
362    2362     6        329        0        151        1          1         
363    2130     10       329        0        231        1          75        
364    2217     13       329        0        241        1          1         
365    2658     8        329        0        612        1          359       
366    260      8        329        0        620        1          1         
--- strip break: IADT delta_t=5 (strip_t 329 → 334)
367    9        3        334        0        324        5          249       
--- strip break: IADT delta_t=10 (strip_t 334 → 344)
368    3031     16       344        0        302        10         -22       
369    2972     13       344        0        369        10         52        
370    2853     7        344        0        395        10         14        
371    9        3        344        0        416        10         15        
372    3092     28       344        0        469        10         51        
373    2953     11       344        0        561        10         65        
--- strip break: IADT delta_t=1 (strip_t 344 → 345)
374    2935     9        345        0        96         1          -206      
375    3104     8        345        0        122        1          18        
376    3059     20       345        0        200        1          71        
377    2655     8        345        0        460        1          241       
378    1        3        345        0        581        1          114       
379    2893     8        345        0        626        1          43        
--- strip break: IADT delta_t=1 (strip_t 345 → 346)
380    2572     5        346        0        235        1          139       
381    2538     24       346        0        240        1          1         
382    3132     13       346        0        265        1          2         
383    2509     13       346        0        283        1          6         
384    989      13       346        0        442        1          147       
--- strip break: IADT delta_t=2 (strip_t 346 → 348)
385    2426     16       348        0        176        2          -59       
386    2383     8        348        0        227        2          36        
387    2302     16       348        0        323        2          89        
388    2315     18       348        0        345        2          7         
389    1955     7        348        0        383        2          21        
390    2309     17       348        0        403        2          14        
391    2181     12       348        0        421        2          2         
392    1811     7        348        0        507        2          75        
393    2656     8        348        0        515        2          2         
394    1957     7        348        0        531        2          9         
395    260      8        348        0        538        2          1         
396    1875     6        348        0        547        2          2         
397    1959     7        348        0        573        2          21        
398    2391     11       348        0        581        2          2         
399    193      7        348        0        593        2          2         
400    2418     15       348        0        610        2          11        
--- strip break: IADT delta_t=1 (strip_t 348 → 349)
401    1874     6        349        0        75         1          -101      
402    2249     14       349        0        82         1          2         
403    2117     9        349        0        110        1          15        
404    2433     19       349        0        131        1          13        
405    2792     22       349        0        150        1          1         
--- strip break: IADT delta_t=5 (strip_t 349 → 354)
406    1795     3        354        0        601        5          526       
--- strip break: IADT delta_t=10 (strip_t 354 → 364)
407    3071     21       364        0        143        10         -458      
408    13       4        364        0        228        10         65        
409    2854     7        364        0        258        10         27        
410    1239     4        364        0        315        10         51        
411    9        3        364        0        320        10         2         
412    1042     4        364        0        335        10         13        
413    2855     7        364        0        401        10         63        
414    1042     4        364        0        409        10         2         
415    2662     8        364        0        447        10         35        
416    3084     23       364        0        468        10         14        
417    11       3        364        0        497        10         7         
418    2966     12       364        0        516        10         17        
419    9        3        364        0        542        10         15        
420    9        3        364        0        571        10         27        
421    1262     8        364        0        612        10         39        
--- strip break: IADT delta_t=1 (strip_t 364 → 365)
422    3060     20       365        0        118        1          -25       
423    2554     4        365        0        198        1          61        
424    2736     13       365        0        426        1          225       
425    400      5        365        0        442        1          4         
--- strip break: IADT delta_t=1 (strip_t 365 → 366)
426    2498     12       366        0        211        1          93        
427    314      5        366        0        324        1          102       
428    399      5        366        0        329        1          1         
429    2348     4        366        0        388        1          55        
430    401      5        366        0        607        1          216       
431    398      5        366        0        628        1          17        
--- strip break: IADT delta_t=1 (strip_t 366 → 367)
432    3072     21       367        0        366        1          155       
433    2373     7        367        0        456        1          70        
434    2251     14       367        0        502        1          40        
--- strip break: IADT delta_t=1 (strip_t 367 → 368)
435    2894     8        368        0        75         1          -291      
436    2394     12       368        0        84         1          2         
437    2355     5        368        0        97         1          2         
438    2406     14       368        0        103        1          2         
439    2219     13       368        0        164        1          48        
440    2660     8        368        0        182        1          6         
441    195      7        368        0        191        1          2         
442    263      8        368        0        203        1          6         
443    110      4        368        0        228        1          18        
444    1961     7        368        0        233        1          2         
445    264      8        368        0        245        1          6         
446    265      8        368        0        264        1          12        
447    2316     18       368        0        272        1          1         
448    153      6        368        0        295        1          6         
449    1957     7        368        0        302        1          2         
450    111      4        368        0        319        1          11        
451    1962     7        368        0        339        1          17        
452    2221     13       368        0        352        1          7         
453    1964     7        368        0        393        1          29        
454    154      6        368        0        414        1          15        
455    1835     10       368        0        491        1          72        
456    2663     8        368        0        528        1          28        
457    2182     12       368        0        542        1          7         
458    2664     8        368        0        554        1          1         
459    2183     12       368        0        562        1          1         
460    2184     12       368        0        575        1          2         
461    2757     15       368        0        588        1          2         
462    1966     7        368        0        621        1          19        
--- strip break: IADT delta_t=16 (strip_t 368 → 384)
463    3070     21       384        0        75         16         0         
464    1236     3        384        0        126        16         31        
465    10       3        384        0        130        16         2         
466    10       3        384        0        154        16         22        
467    2831     6        384        0        187        16         31        
468    3009     15       384        0        204        16         12        
469    2555     4        384        0        224        16         6         
470    3083     23       384        0        265        16         38        
471    3010     15       384        0        313        16         26        
472    1079     8        384        0        333        16         6         
473    1228     14       384        0        406        16         66        
474    2661     8        384        0        430        16         11        
--- strip break: IADT delta_t=1 (strip_t 384 → 385)
475    2700     9        385        0        117        1          42        
476    2573     5        385        0        236        1          111       
477    2574     5        385        0        241        1          1         
478    2725     12       385        0        295        1          50        
479    470      6        385        0        395        1          89        
480    397      5        385        0        425        1          25        
--- strip break: IADT delta_t=1 (strip_t 385 → 386)
481    2486     10       386        0        148        1          31        
482    469      6        386        0        198        1          41        
--- strip break: IADT delta_t=1 (strip_t 386 → 387)
483    2373     7        387        0        229        1          81        
484    2220     13       387        0        342        1          107       
485    2321     19       387        0        355        1          1         
486    1963     7        387        0        380        1          7         
487    196      7        387        0        388        1          2         
488    1965     7        387        0        439        1          45        
489    2157     11       387        0        446        1          1         
--- strip break: IADT delta_t=1 (strip_t 387 → 388)
490    2659     8        388        0        101        1          -128      
491    261      8        388        0        109        1          1         
492    110      4        388        0        130        1          14        
493    2250     14       388        0        134        1          1         
494    194      7        388        0        158        1          11        
495    262      8        388        0        166        1          2         
496    1960     7        388        0        180        1          7         
497    152      6        388        0        247        1          61        
498    68       6        388        0        254        1          2         
--- strip break: IADT delta_t=4 (strip_t 388 → 392)
499    25       3        392        0        458        4          357       
--- strip break: IADT delta_t=11 (strip_t 392 → 403)
500    3156     36       403        0        400        11         -58       
501    2895     8        403        0        522        11         87        
502    3011     15       403        0        531        11         2         
503    1252     7        403        0        551        11         6         
504    13       4        403        0        563        11         6         
505    3099     37       403        0        568        11         2         
506    2803     3        403        0        606        11         2         
507    2856     7        403        0        627        11         19        
--- strip break: IADT delta_t=1 (strip_t 403 → 404)
508    46       3        404        0        99         1          -301      
509    46       3        404        0        103        1          2         
510    2954     11       404        0        110        1          5         
511    2790     21       404        0        134        1          14        
512    2701     9        404        0        163        1          9         
513    2746     14       404        0        173        1          2         
514    2747     14       404        0        193        1          7         
515    1080     8        404        0        214        1          8         
516    1        3        404        0        230        1          9         
517    2797     24       404        0        268        1          36        
518    2655     8        404        0        335        1          44        
519    1081     8        404        0        441        1          99        
--- strip break: IADT delta_t=1 (strip_t 404 → 405)
520    471      6        405        0        121        1          22        
521    2444     5        405        0        352        1          226       
--- strip break: IADT delta_t=2 (strip_t 405 → 407)
522    3089     27       407        0        223        2          102       
523    2132     10       407        0        258        2          9         
524    1877     6        407        0        293        2          26        
525    1968     7        407        0        300        2          2         
526    2158     11       407        0        307        2          1         
527    1969     7        407        0        319        2          2         
528    2085     8        407        0        343        2          18        
529    2344     29       407        0        362        2          12        
530    267      8        407        0        391        2          1         
531    1082     8        407        0        449        2          51        
532    2758     15       407        0        462        2          6         
533    260      8        407        0        477        2          1         
534    1971     7        407        0        485        2          1         
535    2185     12       407        0        496        2          5         
536    1972     7        407        0        509        2          2         
537    68       6        407        0        516        2          1         
538    2118     9        407        0        558        2          37        
539    2896     8        407        0        610        2          44        
--- strip break: IADT delta_t=5 (strip_t 407 → 412)
540    46       3        412        0        326        5          103       
541    46       3        412        0        618        5          290       
--- strip break: IADT delta_t=11 (strip_t 412 → 423)
542    2811     4        423        0        85         11         -241      
543    3108     9        423        0        90         11         2         
544    3168     12       423        0        104        11         6         
545    10       3        423        0        255        11         140       
546    2600     7        423        0        281        11         24        
547    2702     9        423        0        351        11         64        
548    1076     8        423        0        361        11         2         
549    3149     20       423        0        414        11         46        
550    1057     6        423        0        447        11         14        
551    2800     30       423        0        461        11         9         
552    3073     21       423        0        491        11         1         
553    2582     6        423        0        522        11         11        
554    2984     14       423        0        530        11         3         
--- strip break: IADT delta_t=1 (strip_t 423 → 424)
555    397      5        424        0        408        1          323       
556    2666     8        424        0        545        1          133       
--- strip break: IADT delta_t=1 (strip_t 424 → 425)
557    2510     13       425        0        188        1          -220      
558    2539     24       425        0        201        1          1         
559    402      5        425        0        241        1          17        
560    399      5        425        0        275        1          30        
--- strip break: IADT delta_t=1 (strip_t 425 → 426)
561    345      7        426        0        324        1          136       
562    2374     7        426        0        369        1          39        
563    300      11       426        0        382        1          7         
564    2253     14       426        0        394        1          2         
565    1970     7        426        0        439        1          32        
566    2399     13       426        0        573        1          128       
567    2384     8        426        0        591        1          6         
--- strip break: IADT delta_t=1 (strip_t 426 → 427)
568    2131     10       427        0        75         1          -249      
569    2252     14       427        0        116        1          32        
570    2665     8        427        0        135        1          6         
571    265      8        427        0        143        1          1         
572    2084     8        427        0        151        1          1         
573    197      7        427        0        167        1          9         
574    1876     6        427        0        182        1          9         
575    2278     15       427        0        225        1          38        
576    1860     4        427        0        254        1          15        
577    266      8        427        0        259        1          2         
578    1967     7        427        0        289        1          23        
579    2322     19       427        0        304        1          9         
580    1836     10       427        0        562        1          240       
581    2337     23       427        0        606        1          35        
--- strip break: IADT delta_t=3 (strip_t 427 → 430)
582    17       5        430        0        629        3          554       
--- strip break: IADT delta_t=1 (strip_t 430 → 431)
583    48       4        431        0        512        1          -117      
--- strip break: IADT delta_t=1 (strip_t 431 → 432)
584    7        2        432        0        332        1          -180      
585    1796     3        432        0        553        1          220       
--- strip break: IADT delta_t=10 (strip_t 432 → 442)
586    2973     13       442        0        355        10         23        
587    3013     15       442        0        381        10         14        
588    2967     12       442        0        397        10         2         
589    2955     11       442        0        454        10         46        
--- strip break: IADT delta_t=1 (strip_t 442 → 443)
590    14       4        443        0        103        1          -252      
591    2832     6        443        0        136        1          30        
592    3054     19       443        0        150        1          9         
593    1044     4        443        0        246        1          78        
594    1037     3        443        0        251        1          2         
595    9        3        443        0        329        1          76        
596    1        3        443        0        406        1          75        
597    2602     7        443        0        439        1          31        
598    0        2        443        0        518        1          73        
599    1        3        443        0        563        1          44        
600    2737     13       443        0        588        1          23        
601    2798     28       443        0        606        1          6         
--- strip break: IADT delta_t=1 (strip_t 443 → 444)
602    2445     5        444        0        323        1          220       
603    2524     16       444        0        551        1          224       
--- strip break: IADT delta_t=1 (strip_t 444 → 445)
604    2543     33       445        0        74         1          -249      
605    2529     18       445        0        192        1          86        
606    2389     9        445        0        512        1          303       
--- strip break: IADT delta_t=1 (strip_t 445 → 446)
607    2427     16       446        0        107        1          33        
608    3074     21       446        0        170        1          48        
609    3012     15       446        0        215        1          25        
610    1973     7        446        0        231        1          2         
611    199      7        446        0        239        1          2         
612    2857     7        446        0        255        1          10        
613    2186     12       446        0        268        1          7         
614    2858     7        446        0        281        1          2         
615    2440     34       446        0        289        1          2         
616    3044     17       446        0        333        1          11        
617    2375     7        446        0        368        1          19        
618    1793     8        446        0        410        1          36        
619    2279     15       446        0        423        1          6         
620    2346     33       446        0        465        1          28        
621    2223     13       446        0        499        1          2         
622    1975     7        446        0        521        1          10        
623    2759     15       446        0        536        1          9         
624    2224     13       446        0        567        1          17        
--- strip break: IADT delta_t=1 (strip_t 446 → 447)
625    198      7        447        0        129        1          22        
626    59       4        447        0        329        1          194       
--- strip break: IADT delta_t=5 (strip_t 447 → 452)
627    1798     7        452        0        410        5          281       
--- strip break: IADT delta_t=10 (strip_t 452 → 462)
628    3043     17       462        0        142        10         -268      
629    1240     4        462        0        200        10         42        
630    9        3        462        0        318        10         115       
631    2783     19       462        0        394        10         74        
632    9        3        462        0        414        10         2         
633    2974     13       462        0        437        10         21        
634    9        3        462        0        462        10         13        
635    2936     9        462        0        473        10         9         
636    9        3        462        0        493        10         12        
637    3033     16       462        0        515        10         20        
638    3014     15       462        0        536        10         6         
639    2975     13       462        0        560        10         10        
640    7        2        462        0        590        10         18        
641    1277     13       462        0        594        10         3         
642    3061     20       462        0        613        10         7         
--- strip break: IADT delta_t=1 (strip_t 462 → 463)
643    3042     17       463        0        74         1          -68       
644    1036     3        463        0        98         1          8         
645    1043     4        463        0        118        1          18        
646    1        3        463        0        218        1          97        
647    2667     8        463        0        285        1          65        
648    1        3        463        0        307        1          15        
649    2583     6        463        0        510        1          201       
--- strip break: IADT delta_t=1 (strip_t 463 → 464)
650    2487     10       464        0        212        1          138       
651    2511     13       464        0        360        1          139       
652    2356     5        464        0        419        1          47        
653    401      5        464        0        482        1          59        
--- strip break: IADT delta_t=1 (strip_t 464 → 465)
654    2407     14       465        0        341        1          129       
655    3032     16       465        0        378        1          24        
--- strip break: IADT delta_t=1 (strip_t 465 → 466)
656    1866     5        466        0        92         1          -249      
657    1078     8        466        0        102        1          6         
658    2897     8        466        0        110        1          1         
659    155      6        466        0        161        1          44        
660    2317     18       466        0        174        1          8         
661    195      7        466        0        193        1          2         
662    1948     7        466        0        205        1          6         
663    1878     6        466        0        223        1          12        
664    2254     14       466        0        230        1          2         
665    2130     10       466        0        250        1          7         
666    1974     7        466        0        260        1          1         
667    2187     12       466        0        268        1          2         
668    2222     13       466        0        293        1          14        
669    97       3        466        0        307        1          2         
670    2133     10       466        0        311        1          2         
671    77       7        466        0        322        1          2         
672    200      7        466        0        329        1          1         
673    60       4        466        0        414        1          79        
674    2601     7        466        0        424        1          7         
675    2119     9        466        0        456        1          26        
676    2898     8        466        0        465        1          1         
677    1861     4        466        0        492        1          20        
678    266      8        466        0        497        1          2         
679    201      7        466        0        552        1          48        
680    2255     14       466        0        579        1          21        
--- strip break: IADT delta_t=5 (strip_t 466 → 471)
681    10       3        471        0        123        5          31        
--- strip break: IADT delta_t=11 (strip_t 471 → 482)
682    2968     12       482        0        74         11         -49       
683    3055     19       482        0        94         11         9         
684    1076     8        482        0        146        11         34        
685    2948     10       482        0        170        11         17        
686    9        3        482        0        200        11         21        
687    10       3        482        0        223        11         21        
688    9        3        482        0        279        11         54        
689    3062     20       482        0        284        11         3         
690    1064     7        482        0        309        11         6         
691    3097     31       482        0        350        11         35        
692    9        3        482        0        377        11         -3        
693    2604     7        482        0        421        11         42        
694    3158     37       482        0        460        11         33        
695    14       4        482        0        566        11         70        
696    1245     6        482        0        599        11         30        
697    2985     14       482        0        612        11         8         
--- strip break: IADT delta_t=1 (strip_t 482 → 483)
698    652      9        483        0        561        1          487       
--- strip break: IADT delta_t=1 (strip_t 483 → 484)
699    2499     12       484        0        123        1          -438      
700    404      5        484        0        141        1          7         
701    2500     12       484        0        204        1          59        
--- strip break: IADT delta_t=1 (strip_t 484 → 485)
702    2282     15       485        0        405        1          282       
703    1263     8        485        0        438        1          19        
704    2385     8        485        0        502        1          57        
705    2335     22       485        0        515        1          6         
706    2419     15       485        0        545        1          9         
707    2428     16       485        0        570        1          11        
--- strip break: IADT delta_t=1 (strip_t 485 → 486)
708    1976     7        486        0        86         1          -319      
709    156      6        486        0        155        1          63        
710    1978     7        486        0        180        1          20        
711    1840     11       486        0        188        1          2         
712    98       3        486        0        200        1          2         
713    1835     10       486        0        217        1          15        
714    2226     13       486        0        227        1          1         
715    2227     13       486        0        249        1          10        
716    2603     7        486        0        263        1          2         
717    78       7        486        0        271        1          2         
718    59       4        486        0        279        1          2         
719    1848     13       486        0        316        1          34        
720    2188     12       486        0        329        1          1         
721    1852     14       486        0        381        1          41        
722    1853     14       486        0        446        1          52        
723    77       7        486        0        538        1          79        
724    271      8        486        0        591        1          47        
725    200      7        486        0        626        1          28        
--- strip break: IADT delta_t=5 (strip_t 486 → 491)
726    48       4        491        0        395        5          309       
--- strip break: IADT delta_t=10 (strip_t 491 → 501)
727    3105     8        501        0        74         10         -321      
728    2833     6        501        0        198        10         117       
729    3100     40       501        0        481        10         278       
730    2899     8        501        0        534        10         14        
731    3087     25       501        0        555        10         14        
--- strip break: IADT delta_t=1 (strip_t 501 → 502)
732    3093     30       502        0        103        1          29        
733    2738     13       502        0        138        1          6         
734    2760     15       502        0        310        1          160       
735    2668     8        502        0        341        1          17        
736    2556     4        502        0        389        1          41        
737    2716     11       502        0        402        1          10        
738    1038     3        502        0        432        1          20        
739    2761     15       502        0        457        1          23        
740    2605     7        502        0        473        1          2         
741    3101     44       502        0        588        1          109       
--- strip break: IADT delta_t=1 (strip_t 502 → 503)
742    403      5        503        0        98         1          -5        
743    405      5        503        0        159        1          57        
744    403      5        503        0        255        1          92        
745    2446     5        503        0        357        1          98        
746    2501     12       503        0        414        1          53        
747    405      5        503        0        426        1          1         
748    401      5        503        0        529        1          99        
--- strip break: IADT delta_t=1 (strip_t 503 → 504)
749    48       4        504        0        636        1          538       
--- strip break: IADT delta_t=1 (strip_t 504 → 505)
750    2280     15       505        0        83         1          -553      
751    1977     7        505        0        152        1          55        
752    1879     6        505        0        165        1          7         
753    2120     9        505        0        172        1          2         
754    2134     10       505        0        210        1          30        
755    2225     13       505        0        221        1          2         
756    2086     8        505        0        239        1          6         
757    1979     7        505        0        248        1          2         
758    1980     7        505        0        266        1          12        
759    2159     11       505        0        279        1          7         
760    1880     6        505        0        291        1          2         
761    2160     11       505        0        298        1          2         
762    150      6        505        0        326        1          18        
763    268      8        505        0        349        1          18        
764    2281     15       505        0        368        1          12        
765    256      8        505        0        393        1          11        
766    269      8        505        0        436        1          36        
767    270      8        505        0        444        1          1         
768    157      6        505        0        543        1          92        
769    2087     8        505        0        580        1          32        
--- strip break: IADT delta_t=6 (strip_t 505 → 511)
770    37       3        511        0        332        6          249       
--- strip break: IADT delta_t=10 (strip_t 511 → 521)
771    3049     18       521        0        74         10         -258      
772    3176     28       521        0        181        10         90        
773    2812     4        521        0        216        10         8         
774    9        3        521        0        260        10         41        
775    2987     14       521        0        311        10         49        
776    2976     13       521        0        512        10         188       
777    9        3        521        0        526        10         2         
778    2814     4        521        0        573        10         45        
--- strip break: IADT delta_t=1 (strip_t 521 → 522)
779    2748     14       522        0        142        1          68        
780    1        3        522        0        157        1          2         
781    1        3        522        0        206        1          47        
782    2796     23       522        0        390        1          182       
783    1045     4        522        0        578        1          166       
784    2606     7        522        0        621        1          40        
--- strip break: IADT delta_t=1 (strip_t 522 → 523)
785    398      5        523        0        228        1          86        
786    395      5        523        0        279        1          47        
787    2490     11       523        0        299        1          16        
788    2513     13       523        0        421        1          112       
789    2514     13       523        0        449        1          16        
790    2491     11       523        0        496        1          35        
791    397      5        523        0        582        1          76        
--- strip break: IADT delta_t=2 (strip_t 523 → 525)
792    1881     6        525        0        93         2          -135      
793    1882     6        525        0        107        2          9         
794    1981     7        525        0        114        2          2         
795    2323     19       525        0        122        2          2         
796    97       3        525        0        157        2          17        
797    3034     16       525        0        161        2          2         
798    1794     8        525        0        169        2          -7        
799    158      6        525        0        210        2          34        
800    1984     7        525        0        221        2          6         
801    1985     7        525        0        234        2          7         
802    2189     12       525        0        242        2          2         
803    108      4        525        0        260        2          7         
804    2088     8        525        0        264        2          1         
805    1884     6        525        0        273        2          2         
806    134      5        525        0        285        2          7         
807    1986     7        525        0        291        2          2         
808    2191     12       525        0        331        2          34        
809    2712     10       525        0        343        2          1         
810    2257     14       525        0        358        2          6         
811    2089     8        525        0        377        2          6         
812    1984     7        525        0        414        2          30        
813    159      6        525        0        434        2          14        
814    2342     27       525        0        468        2          29        
815    2135     10       525        0        526        2          32        
816    2762     15       525        0        542        2          7         
817    202      7        525        0        558        2          2         
818    1987     7        525        0        566        2          2         
819    1083     8        525        0        587        2          15        
820    2283     15       525        0        605        2          11        
--- strip break: IADT delta_t=6 (strip_t 525 → 531)
821    37       3        531        0        440        6          347       
822    37       3        531        0        595        6          153       
823    47       3        531        0        629        6          32        
--- strip break: IADT delta_t=10 (strip_t 531 → 541)
824    3098     31       541        0        74         10         -366      
825    2986     14       541        0        115        10         11        
826    9        3        541        0        156        10         28        
827    13       4        541        0        172        10         14        
828    9        3        541        0        205        10         30        
829    10       3        541        0        336        10         129       
830    2813     4        541        0        391        10         53        
831    9        3        541        0        459        10         65        
832    2827     5        541        0        486        10         25        
833    1278     13       541        0        542        10         52        
834    3015     15       541        0        568        10         14        
835    10       3        541        0        596        10         14        
836    10       3        541        0        613        10         15        
--- strip break: IADT delta_t=1 (strip_t 541 → 542)
837    2739     13       542        0        298        1          224       
838    2669     8        542        0        357        1          47        
839    375      4        542        0        386        1          22        
840    1        3        542        0        435        1          46        
--- strip break: IADT delta_t=1 (strip_t 542 → 543)
841    3152     26       543        0        167        1          -131      
842    2512     13       543        0        248        1          56        
843    2447     5        543        0        347        1          87        
844    2448     5        543        0        440        1          89        
845    2527     17       543        0        453        1          9         
--- strip break: IADT delta_t=1 (strip_t 543 → 544)
846    1883     6        544        0        161        1          -6        
847    2395     12       544        0        209        1          43        
848    2396     12       544        0        229        1          9         
849    2408     14       544        0        415        1          175       
850    2390     9        544        0        430        1          2         
851    2363     6        544        0        509        1          71        
852    2420     15       544        0        516        1          2         
853    1885     6        544        0        532        1          2         
--- strip break: IADT delta_t=1 (strip_t 544 → 545)
854    69       6        545        0        106        1          -55       
855    1982     7        545        0        129        1          18        
856    2256     14       545        0        141        1          6         
857    59       4        545        0        156        1          2         
858    1983     7        545        0        197        1          38        
859    98       3        545        0        205        1          2         
860    79       7        545        0        222        1          15        
861    65       5        545        0        242        1          14        
862    266      8        545        0        261        1          15        
863    2795     23       545        0        269        1          1         
864    2190     12       545        0        317        1          26        
865    1801     5        545        0        330        1          2         
866    1837     10       545        0        336        1          2         
867    1077     8        545        0        365        1          20        
868    197      7        545        0        379        1          7         
869    2258     14       545        0        401        1          16        
870    1826     8        545        0        445        1          31        
871    1827     8        545        0        470        1          18        
872    1812     7        545        0        479        1          2         
873    1841     11       545        0        497        1          12        
874    160      6        545        0        556        1          49        
875    2161     11       545        0        584        1          23        
876    99       3        545        0        596        1          2         
877    1886     6        545        0        600        1          2         
878    1867     5        545        0        607        1          2         
879    2326     20       545        0        613        1          2         
--- strip break: IADT delta_t=15 (strip_t 545 → 560)
880    2988     14       560        0        74         15         -32       
881    2937     9        560        0        94         15         7         
--- strip break: IADT delta_t=1 (strip_t 560 → 561)
882    2546     3        561        0        111        1          37        
883    1        3        561        0        115        1          2         
884    2717     11       561        0        115        1          -2        
885    2780     18       561        0        133        1          8         
886    2670     8        561        0        195        1          45        
887    2726     12       561        0        248        1          46        
888    2558     4        561        0        297        1          38        
889    1042     4        561        0        302        1          2         
890    2749     14       561        0        307        1          2         
891    8        2        561        0        353        1          33        
892    2607     7        561        0        385        1          31        
893    1229     14       561        0        399        1          8         
894    2770     16       561        0        426        1          14        
895    8        2        561        0        451        1          10        
896    1037     3        561        0        461        1          9         
897    1038     3        561        0        505        1          42        
898    1058     6        561        0        526        1          19        
899    2610     7        561        0        533        1          2         
900    2611     7        561        0        549        1          10        
901    1041     4        561        0        591        1          36        
902    2584     6        561        0        596        1          2         
--- strip break: IADT delta_t=1 (strip_t 561 → 562)
903    2449     5        562        0        203        1          92        
904    407      5        562        0        216        1          9         
905    397      5        562        0        260        1          40        
906    2474     7        562        0        541        1          277       
--- strip break: IADT delta_t=1 (strip_t 562 → 563)
907    2357     5        563        0        473        1          270       
--- strip break: IADT delta_t=1 (strip_t 563 → 564)
908    1988     7        564        0        103        1          -370      
909    272      8        564        0        125        1          16        
910    1989     7        564        0        152        1          20        
911    2228     13       564        0        165        1          7         
912    1980     7        564        0        184        1          7         
913    203      7        564        0        209        1          19        
914    1888     6        564        0        222        1          7         
915    2090     8        564        0        270        1          43        
916    2261     14       564        0        283        1          6         
917    135      5        564        0        327        1          31        
918    2338     23       564        0        333        1          2         
919    1992     7        564        0        357        1          2         
920    2121     9        564        0        364        1          1         
921    1994     7        564        0        378        1          6         
922    1995     7        564        0        413        1          29        
923    2969     12       564        0        442        1          23        
924    137      5        564        0        455        1          2         
925    257      8        564        0        465        1          6         
926    204      7        564        0        478        1          6         
927    2229     13       564        0        486        1          2         
928    273      8        564        0        509        1          11        
929    202      7        564        0        566        1          50        
930    2231     13       564        0        578        1          6         
--- strip break: IADT delta_t=1 (strip_t 564 → 565)
931    2262     14       565        0        606        1          503       
932    2232     13       565        0        620        1          1         
--- strip break: IADT delta_t=3 (strip_t 565 → 568)
933    1        3        568        0        602        3          -4        
--- strip break: IADT delta_t=2 (strip_t 568 → 570)
934    1        3        570        0        229        2          -373      
935    37       3        570        0        557        2          326       
--- strip break: IADT delta_t=10 (strip_t 570 → 580)
936    9        3        580        0        87         10         -142      
937    2859     7        580        0        117        10         28        
938    2557     4        580        0        216        10         93        
939    3056     19       580        0        221        10         2         
940    2804     3        580        0        319        10         80        
941    1246     6        580        0        363        10         42        
942    3045     17       580        0        469        10         101       
943    2900     8        580        0        588        10         103       
--- strip break: IADT delta_t=1 (strip_t 580 → 581)
944    2703     9        581        0        81         1          -6        
945    1051     5        581        0        91         1          2         
946    1        3        581        0        169        1          74        
947    2671     8        581        0        297        1          126       
948    1        3        581        0        421        1          117       
949    2763     15       581        0        609        1          186       
950    2612     7        581        0        625        1          2         
--- strip break: IADT delta_t=1 (strip_t 581 → 582)
951    2492     11       582        0        105        1          24        
952    406      5        582        0        173        1          58        
953    2530     18       582        0        179        1          2         
954    404      5        582        0        330        1          134       
955    2502     12       582        0        335        1          1         
--- strip break: IADT delta_t=2 (strip_t 582 → 584)
956    1887     6        584        0        75         2          -30       
957    260      8        584        0        96         2          16        
958    2259     14       584        0        130        2          27        
959    1842     11       584        0        144        2          1         
960    2162     11       584        0        157        2          3         
961    112      4        584        0        168        2          1         
962    2260     14       584        0        202        2          31        
963    1990     7        584        0        246        2          31        
964    266      8        584        0        253        2          1         
965    2163     11       584        0        269        2          9         
966    1991     7        584        0        281        2          2         
967    1084     8        584        0        305        2          18        
968    161      6        584        0        323        2          11        
969    68       6        584        0        348        2          20        
970    1993     7        584        0        369        2          16        
971    136      5        584        0        377        2          2         
972    2164     11       584        0        388        2          7         
973    2608     7        584        0        400        2          2         
974    1996     7        584        0        413        2          7         
975    1857     3        584        0        421        2          2         
976    1997     7        584        0        425        2          2         
977    2122     9        584        0        433        2          2         
978    1889     6        584        0        443        2          2         
979    1890     6        584        0        487        2          39        
980    2609     7        584        0        494        2          2         
981    2136     10       584        0        507        2          7         
982    1998     7        584        0        517        2          1         
983    2230     13       584        0        524        2          1         
984    2165     11       584        0        545        2          9         
985    2284     15       584        0        557        2          2         
986    2137     10       584        0        577        2          6         
987    2091     8        584        0        596        2          10        
--- strip break: IADT delta_t=5 (strip_t 584 → 589)
988    46       3        589        0        288        5          213       
989    48       4        589        0        353        5          63        
990    10       3        589        0        449        5          93        
--- strip break: IADT delta_t=11 (strip_t 589 → 600)
991    3057     19       600        0        104        11         -184      
992    3016     15       600        0        193        11         71        
993    2673     8        600        0        221        11         14        
994    1042     4        600        0        269        11         41        
995    8        2        600        0        288        11         16        
996    2750     14       600        0        319        11         30        
997    2740     13       600        0        340        11         8         
998    3046     17       600        0        366        11         14        
999    10       3        600        0        420        11         38        
1000   2834     6        600        0        453        11         31        
1001   3035     16       600        0        515        11         57        
1002   10       3        600        0        539        11         9         
1003   3088     26       600        0        577        11         36        
--- strip break: IADT delta_t=1 (strip_t 600 → 601)
1004   2575     5        601        0        468        1          364       
1005   2614     7        601        0        475        1          3         
1006   2615     7        601        0        483        1          2         
1007   2475     7        601        0        491        1          2         
--- strip break: IADT delta_t=1 (strip_t 601 → 602)
1008   315      5        602        0        216        1          -252      
1009   308      4        602        0        282        1          62        
1010   2466     6        602        0        414        1          129       
1011   409      5        602        0        558        1          139       
--- strip break: IADT delta_t=1 (strip_t 602 → 603)
1012   2421     15       603        0        74         1          -142      
1013   2092     8        603        0        129        1          41        
1014   2376     7        603        0        148        1          12        
1015   2324     19       603        0        242        1          88        
--- strip break: IADT delta_t=1 (strip_t 603 → 604)
1016   1999     7        604        0        90         1          16        
1017   1891     6        604        0        97         1          1         
1018   70       6        604        0        137        1          35        
1019   2613     7        604        0        156        1          14        
1020   2672     8        604        0        164        1          2         
1021   1849     13       604        0        172        1          1         
1022   1813     7        604        0        186        1          2         
1023   1814     7        604        0        230        1          38        
1024   80       7        604        0        262        1          26        
1025   1815     7        604        0        274        1          6         
1026   59       4        604        0        287        1          7         
1027   274      8        604        0        291        1          1         
1028   87       8        604        0        299        1          1         
1029   65       5        604        0        308        1          2         
1030   2001     7        604        0        354        1          42        
1031   2093     8        604        0        383        1          23        
1032   1828     8        604        0        391        1          1         
1033   206      7        604        0        399        1          1         
1034   87       8        604        0        406        1          1         
1035   110      4        604        0        420        1          7         
1036   271      8        604        0        424        1          1         
1037   2002     7        604        0        432        1          1         
1038   207      7        604        0        445        1          7         
1039   2004     7        604        0        507        1          56        
1040   113      4        604        0        539        1          26        
1041   275      8        604        0        543        1          1         
1042   138      5        604        0        552        1          2         
1043   2194     12       604        0        564        1          8         
1044   2167     11       604        0        610        1          35        
1045   1894     6        604        0        622        1          2         
--- strip break: IADT delta_t=5 (strip_t 604 → 609)
1046   46       3        609        0        498        5          408       
--- strip break: IADT delta_t=1 (strip_t 609 → 610)
1047   37       3        610        0        629        1          131       
--- strip break: IADT delta_t=10 (strip_t 610 → 620)
1048   1085     8        620        0        128        10         -501      
1049   2585     6        620        0        169        10         34        
1050   1080     8        620        0        188        10         14        
1051   2704     9        620        0        213        10         18        
1052   3142     11       620        0        230        10         9         
1053   1041     4        620        0        248        10         8         
1054   1        3        620        0        297        10         46        
1055   2547     3        620        0        347        10         48        
1056   2559     4        620        0        399        10         50        
1057   14       4        620        0        428        10         26        
1058   1226     13       620        0        450        10         19        
1059   3145     12       620        0        500        10         38        
1060   2616     7        620        0        561        10         50        
1061   2674     8        620        0        581        10         14        
--- strip break: IADT delta_t=1 (strip_t 620 → 621)
1062   401      5        621        0        183        1          55        
1063   408      5        621        0        260        1          73        
1064   2503     12       621        0        533        1          269       
1065   2450     5        621        0        575        1          31        
--- strip break: IADT delta_t=2 (strip_t 621 → 623)
1066   2263     14       623        0        74         2          -109      
1067   2345     31       623        0        96         2          9         
1068   157      6        623        0        137        2          11        
1069   2192     12       623        0        144        2          2         
1070   1970     7        623        0        161        2          6         
1071   157      6        623        0        197        2          30        
1072   162      6        623        0        223        2          21        
1073   1892     6        623        0        242        2          14        
1074   2000     7        623        0        253        2          6         
1075   205      7        623        0        266        2          7         
1076   2233     13       623        0        274        2          2         
1077   97       3        623        0        297        2          11        
1078   2123     9        623        0        300        2          1         
1079   2193     12       623        0        318        2          10        
1080   3017     15       623        0        331        2          2         
1081   2264     14       623        0        351        2          6         
1082   2234     13       623        0        373        2          9         
1083   2166     11       623        0        387        2          2         
1084   2784     19       623        0        403        2          6         
1085   2235     13       623        0        428        2          7         
1086   2003     7        623        0        463        2          23        
1087   2327     20       623        0        480        2          11        
1088   3036     16       623        0        517        2          18        
1089   276      8        623        0        553        2          21        
--- strip break: IADT delta_t=1 (strip_t 623 → 624)
1090   2005     7        624        0        589        1          515       
1091   1065     7        624        0        604        1          9         
1092   1893     6        624        0        612        1          2         
1093   2006     7        624        0        619        1          2         
1094   1804     6        624        0        627        1          2         
--- strip break: IADT delta_t=5 (strip_t 624 → 629)
1095   37       3        629        0        287        5          -302      
--- strip break: IADT delta_t=10 (strip_t 629 → 639)
1096   2938     9        639        0        126        10         -161      
1097   2990     14       639        0        148        10         14        
1098   2835     6        639        0        187        10         26        
1099   1239     4        639        0        223        10         31        
1100   3018     15       639        0        232        10         6         
1101   2860     7        639        0        262        10         16        
1102   1244     5        639        0        293        10         25        
1103   3019     15       639        0        304        10         7         
1104   3020     15       639        0        319        10         1         
1105   3064     20       639        0        335        10         2         
1106   2901     8        639        0        388        10         34        
1107   3150     20       639        0        409        10         14        
1108   3178     29       639        0        453        10         25        
1109   3086     24       639        0        487        10         6         
--- strip break: IADT delta_t=1 (strip_t 639 → 640)
1110   2576     5        640        0        76         1          -50       
1111   2617     7        640        0        83         1          3         
1112   2618     7        640        0        91         1          2         
1113   2675     8        640        0        98         1          1         
1114   1        3        640        0        228        1          123       
1115   1        3        640        0        430        1          200       
1116   0        2        640        0        521        1          89        
1117   2620     7        640        0        533        1          11        
1118   1        3        640        0        541        1          2         
1119   2751     14       640        0        564        1          21        
1120   2677     8        640        0        600        1          23        
1121   9        3        640        0        616        1          9         
--- strip break: IADT delta_t=1 (strip_t 640 → 641)
1122   395      5        641        0        256        1          180       
1123   2451     5        641        0        278        1          18        
1124   990      13       641        0        365        1          83        
1125   2452     5        641        0        383        1          6         
1126   408      5        641        0        559        1          172       
--- strip break: IADT delta_t=2 (strip_t 641 → 643)
1127   2094     8        643        0        135        2          -121      
1128   2007     7        643        0        162        2          20        
1129   2196     12       643        0        169        2          1         
1130   2785     20       643        0        202        2          22        
1131   97       3        643        0        228        2          7         
1132   2008     7        643        0        270        2          40        
1133   2009     7        643        0        397        2          121       
1134   2169     11       643        0        430        2          27        
1135   1083     8        643        0        440        2          0         
1136   2197     12       643        0        520        2          73        
1137   97       3        643        0        541        2          10        
1138   2265     14       643        0        545        2          2         
1139   2010     7        643        0        584        2          26        
1140   2095     8        643        0        592        2          2         
--- strip break: IADT delta_t=1 (strip_t 643 → 644)
1141   2310     17       644        0        616        1          481       
--- strip break: IADT delta_t=4 (strip_t 644 → 648)
1142   9        3        648        0        106        4          -510      
--- strip break: IADT delta_t=11 (strip_t 648 → 659)
1143   2989     14       659        0        113        11         7         
1144   9        3        659        0        157        11         31        
1145   2977     13       659        0        175        11         16        
1146   9        3        659        0        196        11         9         
1147   3063     20       659        0        209        11         11        
1148   8        2        659        0        237        11         9         
1149   1217     11       659        0        241        11         3         
1150   2619     7        659        0        265        11         14        
--- strip break: IADT delta_t=1 (strip_t 659 → 660)
1151   2531     19       660        0        81         1          -32       
1152   2727     12       660        0        100        1          1         
1153   2718     11       660        0        294        1          183       
1154   2741     13       660        0        324        1          20        
--- strip break: IADT delta_t=2 (strip_t 660 → 662)
1155   1895     6        662        0        74         2          -7        
1156   2364     6        662        0        145        2          66        
1157   334      6        662        0        258        2          108       
--- strip break: IADT delta_t=1 (strip_t 662 → 663)
1158   2195     12       663        0        132        1          58        
1159   2236     13       663        0        157        1          14        
1160   2138     10       663        0        189        1          20        
1161   71       6        663        0        200        1          2         
1162   2168     11       663        0        229        1          24        
1163   1999     7        663        0        273        1          34        
1164   68       6        663        0        280        1          1         
1165   1816     7        663        0        286        1          1         
1166   1896     6        663        0        306        1          14        
1167   72       6        663        0        313        1          2         
1168   2676     8        663        0        342        1          24        
1169   2328     20       663        0        351        1          2         
1170   277      8        663        0        371        1          1         
1171   2139     10       663        0        379        1          1         
--- strip break: IADT delta_t=15 (strip_t 663 → 678)
1172   51       8        678        0        98         15         -34       
1173   2836     6        678        0        109        15         4         
1174   2992     14       678        0        308        15         194       
--- strip break: IADT delta_t=1 (strip_t 678 → 679)
1175   1        3        679        0        136        1          38        
1176   2786     20       679        0        149        1          11        
1177   2621     7        679        0        206        1          38        
1178   2752     14       679        0        239        1          27        
1179   0        2        679        0        267        1          15        
1180   2622     7        679        0        295        1          27        
1181   1045     4        679        0        303        1          2         
1182   1076     8        679        0        333        1          27        
1183   2719     11       679        0        341        1          1         
1184   2548     3        679        0        380        1          29        
1185   10       3        679        0        384        1          2         
1186   1241     4        679        0        430        1          44        
1187   2862     7        679        0        435        1          2         
--- strip break: IADT delta_t=1 (strip_t 679 → 680)
1188   397      5        680        0        190        1          54        
1189   410      5        680        0        201        1          7         
1190   2453     5        680        0        328        1          123       
1191   2561     4        680        0        452        1          120       
1192   9        3        680        0        511        1          56        
1193   9        3        680        0        524        1          11        
1194   3021     15       680        0        553        1          27        
1195   2993     14       680        0        618        1          51        
--- strip break: IADT delta_t=2 (strip_t 680 → 682)
1196   1086     8        682        0        120        2          -70       
1197   2011     7        682        0        129        2          2         
1198   98       3        682        0        137        2          2         
1199   2012     7        682        0        141        2          2         
1200   2013     7        682        0        175        2          28        
1201   208      7        682        0        182        2          1         
1202   1898     6        682        0        215        2          27        
1203   2170     11       682        0        227        2          7         
1204   2015     7        682        0        254        2          17        
1205   1858     3        682        0        266        2          6         
1206   2096     8        682        0        271        2          3         
1207   2140     10       682        0        284        2          6         
1208   1899     6        682        0        352        2          59        
1209   2366     6        682        0        408        2          51        
1210   376      4        682        0        613        2          200       
--- strip break: IADT delta_t=1 (strip_t 682 → 683)
1211   2623     7        683        0        364        1          244       
1212   81       7        683        0        372        1          2         
1213   59       4        683        0        384        1          6         
1214   1818     7        683        0        388        1          1         
1215   2624     7        683        0        395        1          1         
1216   210      7        683        0        415        1          14        
1217   260      8        683        0        422        1          1         
1218   2098     8        683        0        456        1          27        
1219   301      11       683        0        470        1          7         
1220   2903     8        683        0        482        1          2         
1221   2018     7        683        0        495        1          6         
1222   2904     8        683        0        502        1          1         
--- strip break: IADT delta_t=1 (strip_t 683 → 684)
1223   59       4        684        0        511        1          147       
1224   88       8        684        0        515        1          1         
1225   53       3        684        0        524        1          2         
1226   2288     15       684        0        528        1          2         
1227   164      6        684        0        576        1          34        
1228   1901     6        684        0        584        1          3         
1229   1902     6        684        0        591        1          2         
1230   1903     6        684        0        598        1          2         
1231   212      7        684        0        605        1          2         
--- strip break: IADT delta_t=5 (strip_t 684 → 689)
1232   37       3        689        0        443        5          -68       
1233   1797     3        689        0        544        5          99        
--- strip break: IADT delta_t=1 (strip_t 689 → 690)
1234   1        3        690        0        583        1          140       
--- strip break: IADT delta_t=8 (strip_t 690 → 698)
1235   13       4        698        0        85         8          -498      
1236   2978     13       698        0        90         8          2         
1237   2902     8        698        0        129        8          27        
1238   3050     18       698        0        138        8          2         
1239   2861     7        698        0        157        8          2         
1240   1262     8        698        0        171        8          8         
1241   2991     14       698        0        180        8          2         
1242   1253     7        698        0        219        8          26        
1243   9        3        698        0        227        8          2         
1244   2815     4        698        0        328        8          99        
1245   10       3        698        0        339        8          8         
--- strip break: IADT delta_t=1 (strip_t 698 → 699)
1246   2678     8        699        0        368        1          283       
1247   2560     4        699        0        395        1          20        
1248   2863     7        699        0        465        1          67        
1249   13       4        699        0        488        1          17        
--- strip break: IADT delta_t=1 (strip_t 699 → 700)
1250   2448     5        700        0        119        1          -249      
1251   2358     5        700        0        251        1          128       
1252   2454     5        700        0        384        1          129       
1253   2504     12       700        0        416        1          28        
1254   2728     12       700        0        480        1          53        
1255   2713     10       700        0        565        1          74        
1256   2549     3        700        0        577        1          3         
1257   2864     7        700        0        589        1          10        
1258   2865     7        700        0        604        1          9         
--- strip break: IADT delta_t=1 (strip_t 700 → 701)
1259   2365     6        701        0        278        1          159       
1260   411      5        701        0        493        1          210       
1261   376      4        701        0        499        1          2         
--- strip break: IADT delta_t=1 (strip_t 701 → 702)
1262   2285     15       702        0        74         1          -204      
1263   2286     15       702        0        103        1          15        
1264   1802     5        702        0        165        1          48        
1265   1960     7        702        0        200        1          31        
1266   1897     6        702        0        207        1          1         
1267   1862     4        702        0        226        1          14        
1268   1868     5        702        0        231        1          2         
1269   2014     7        702        0        237        1          2         
1270   65       5        702        0        245        1          2         
1271   1849     13       702        0        256        1          7         
1272   1817     7        702        0        270        1          2         
1273   2333     21       702        0        290        1          14        
1274   2287     15       702        0        312        1          2         
1275   1869     5        702        0        333        1          7         
1276   100      3        702        0        339        1          2         
1277   209      7        702        0        343        1          2         
1278   2016     7        702        0        351        1          2         
1279   2017     7        702        0        377        1          20        
1280   2097     8        702        0        399        1          16        
1281   1900     6        702        0        446        1          40        
1282   2519     14       702        0        619        1          168       
--- strip break: IADT delta_t=1 (strip_t 702 → 703)
1283   1856     18       703        0        428        1          354       
1284   211      7        703        0        458        1          13        
1285   163      6        703        0        504        1          40        
1286   1881     6        703        0        511        1          2         
1287   2329     20       703        0        522        1          6         
--- strip break: IADT delta_t=1 (strip_t 703 → 704)
1288   1854     14       704        0        542        1          114       
1289   78       7        704        0        581        1          26        
1290   165      6        704        0        597        1          10        
--- strip break: IADT delta_t=3 (strip_t 704 → 707)
1291   1        3        707        0        165        3          -377      
--- strip break: IADT delta_t=1 (strip_t 707 → 708)
1292   38       3        708        0        359        1          194       
--- strip break: IADT delta_t=9 (strip_t 708 → 717)
1293   2905     8        717        0        95         9          -264      
1294   2816     4        717        0        207        9          105       
--- strip break: IADT delta_t=1 (strip_t 717 → 718)
1295   1041     4        718        0        159        1          64        
1296   1087     8        718        0        164        1          2         
1297   2729     12       718        0        180        1          9         
1298   2753     14       718        0        250        1          59        
1299   2680     8        718        0        270        1          7         
1300   2764     15       718        0        300        1          23        
1301   10       3        718        0        322        1          8         
1302   2866     7        718        0        369        1          45        
1303   1264     8        718        0        427        1          52        
1304   2957     11       718        0        450        1          16        
--- strip break: IADT delta_t=1 (strip_t 718 → 719)
1305   408      5        719        0        265        1          106       
1306   3155     32       719        0        461        1          192       
1307   2837     6        719        0        499        1          7         
1308   2908     8        719        0        534        1          30        
1309   10       3        719        0        543        1          2         
1310   2994     14       719        0        547        1          2         
--- strip break: IADT delta_t=1 (strip_t 719 → 720)
1311   2367     6        720        0        211        1          -54       
1312   395      5        720        0        390        1          174       
1313   409      5        720        0        422        1          28        
1314   2681     8        720        0        605        1          179       
1315   2720     11       720        0        621        1          9         
--- strip break: IADT delta_t=1 (strip_t 720 → 721)
1316   1904     6        721        0        74         1          -137      
1317   2019     7        721        0        81         1          2         
1318   1905     6        721        0        89         1          2         
1319   2020     7        721        0        109        1          15        
1320   1906     6        721        0        116        1          1         
1321   2141     10       721        0        133        1          12        
1322   2289     15       721        0        144        1          2         
1323   166      6        721        0        193        1          35        
1324   2021     7        721        0        199        1          1         
1325   2199     12       721        0        225        1          20        
1326   2024     7        721        0        238        1          2         
1327   2025     7        721        0        284        1          40        
1328   139      5        721        0        316        1          26        
1329   2400     13       721        0        326        1          6         
1330   2401     13       721        0        348        1          10        
1331   2402     13       721        0        377        1          17        
--- strip break: IADT delta_t=1 (strip_t 721 → 722)
1332   1800     4        722        0        322        1          248       
1333   2237     13       722        0        396        1          71        
1334   2625     7        722        0        409        1          1         
1335   2026     7        722        0        435        1          20        
--- strip break: IADT delta_t=1 (strip_t 722 → 723)
1336   214      7        723        0        505        1          183       
1337   159      6        723        0        513        1          2         
1338   2142     10       723        0        524        1          6         
1339   97       3        723        0        543        1          10        
1340   2171     11       723        0        570        1          25        
1341   2626     7        723        0        582        1          2         
1342   2124     9        723        0        595        1          7         
1343   215      7        723        0        614        1          11        
--- strip break: IADT delta_t=14 (strip_t 723 → 737)
1344   2562     4        737        0        74         14         -431      
1345   9        3        737        0        79         14         2         
1346   2956     11       737        0        79         14         -2        
1347   3078     22       737        0        123        14         34        
1348   2907     8        737        0        226        14         82        
--- strip break: IADT delta_t=1 (strip_t 737 → 738)
1349   2741     13       738        0        175        1          101       
1350   2679     8        738        0        193        1          6         
1351   2802     38       738        0        241        1          41        
--- strip break: IADT delta_t=2 (strip_t 738 → 740)
1352   2906     8        740        0        101        2          -74       
--- strip break: IADT delta_t=1 (strip_t 740 → 741)
1353   213      7        741        0        89         1          -12       
1354   1855     14       741        0        109        1          14        
1355   2198     12       741        0        151        1          29        
1356   200      7        741        0        163        1          1         
1357   2022     7        741        0        202        1          33        
1358   2023     7        741        0        214        1          6         
1359   200      7        741        0        234        1          14        
--- strip break: IADT delta_t=15 (strip_t 741 → 756)
1360   2949     10       756        0        109        15         20        
--- strip break: IADT delta_t=1 (strip_t 756 → 757)
1361   37       3        757        0        98         1          -11       
1362   41       4        757        0        102        1          2         
1363   2742     13       757        0        127        1          22        
1364   2682     8        757        0        169        1          30        
1365   2793     22       757        0        218        1          42        
1366   2730     12       757        0        250        1          11        
1367   10       3        757        0        299        1          38        
1368   2995     14       757        0        303        1          2         
1369   9        3        757        0        337        1          21        
--- strip break: IADT delta_t=1 (strip_t 757 → 758)
1370   397      5        758        0        164        1          66        
1371   2586     6        758        0        370        1          202       
1372   2912     8        758        0        389        1          14        
--- strip break: IADT delta_t=1 (strip_t 758 → 759)
1373   2350     4        759        0        213        1          49        
1374   2477     8        759        0        332        1          116       
1375   2456     5        759        0        384        1          45        
1376   2776     17       759        0        434        1          46        
1377   1089     8        759        0        487        1          37        
1378   2587     6        759        0        519        1          25        
1379   2771     16       759        0        611        1          87        
--- strip break: IADT delta_t=1 (strip_t 759 → 760)
1380   2028     7        760        0        119        1          -94       
1381   2099     8        760        0        140        1          15        
1382   256      8        760        0        148        1          1         
1383   2029     7        760        0        178        1          23        
1384   3079     22       760        0        190        1          6         
1385   2409     14       760        0        270        1          59        
1386   2410     14       760        0        284        1          1         
1387   400      5        760        0        557        1          260       
1388   2467     6        760        0        605        1          44        
1389   413      5        760        0        627        1          17        
--- strip break: IADT delta_t=1 (strip_t 760 → 761)
1390   54       3        761        0        299        1          180       
1391   2239     13       761        0        318        1          17        
1392   216      7        761        0        341        1          11        
1393   278      8        761        0        349        1          2         
1394   2031     7        761        0        363        1          7         
--- strip break: IADT delta_t=1 (strip_t 761 → 762)
1395   2032     7        762        0        398        1          99        
1396   2033     7        762        0        413        1          9         
1397   2201     12       762        0        421        1          2         
1398   2035     7        762        0        451        1          19        
1399   2731     12       762        0        459        1          2         
1400   2143     10       762        0        477        1          7         
1401   2368     6        762        0        496        1          10        
1402   2386     8        762        0        503        1          2         
1403   1870     5        762        0        531        1          21        
1404   2037     7        762        0        537        1          2         
1405   218      7        762        0        563        1          20        
1406   2869     7        762        0        575        1          6         
1407   2377     7        762        0        582        1          1         
1408   2101     8        762        0        590        1          2         
--- strip break: IADT delta_t=1 (strip_t 762 → 763)
1409   1082     8        763        0        544        1          146       
--- strip break: IADT delta_t=3 (strip_t 763 → 766)
1410   37       3        766        0        241        3          -303      
--- strip break: IADT delta_t=10 (strip_t 766 → 776)
1411   1245     6        776        0        99         10         -142      
1412   2867     7        776        0        118        10         14        
1413   2909     8        776        0        160        10         36        
1414   1241     4        776        0        221        10         54        
1415   1246     6        776        0        243        10         19        
1416   2900     8        776        0        272        10         24        
--- strip break: IADT delta_t=1 (strip_t 776 → 777)
1417   1088     8        777        0        296        1          197       
1418   1076     8        777        0        334        1          31        
1419   2911     8        777        0        353        1          12        
--- strip break: IADT delta_t=1 (strip_t 777 → 778)
1420   2349     4        778        0        113        1          -183      
1421   397      5        778        0        280        1          164       
1422   2455     5        778        0        291        1          7         
1423   2781     18       778        0        374        1          79        
1424   1042     4        778        0        408        1          17        
1425   10       3        778        0        426        1          15        
1426   1254     7        778        0        459        1          31        
1427   1255     7        778        0        620        1          155       
--- strip break: IADT delta_t=1 (strip_t 778 → 779)
1428   2397     12       779        0        74         1          -39       
1429   395      5        779        0        348        1          263       
1430   2577     5        779        0        472        1          120       
1431   2868     7        779        0        479        1          3         
1432   2868     7        779        0        487        1          2         
1433   3143     11       779        0        510        1          17        
1434   1046     4        779        0        529        1          9         
1435   2627     7        779        0        561        1          29        
1436   1045     4        779        0        576        1          9         
--- strip break: IADT delta_t=1 (strip_t 779 → 780)
1437   1082     8        780        0        86         1          12        
1438   2027     7        780        0        105        1          12        
1439   167      6        780        0        126        1          15        
1440   1907     6        780        0        133        1          2         
1441   2303     16       780        0        144        1          6         
1442   1846     12       780        0        173        1          14        
1443   1082     8        780        0        185        1          1         
1444   61       4        780        0        198        1          6         
1445   114      4        780        0        202        1          1         
1446   2100     8        780        0        206        1          1         
1447   2030     7        780        0        214        1          1         
1448   2200     12       780        0        226        1          6         
1449   195      7        780        0        249        1          12        
1450   1952     7        780        0        256        1          1         
1451   2910     8        780        0        264        1          2         
1452   2238     13       780        0        305        1          34        
1453   2483     9        780        0        420        1          103       
1454   2476     7        780        0        495        1          67        
1455   412      5        780        0        555        1          54        
--- strip break: IADT delta_t=1 (strip_t 780 → 781)
1456   2765     15       781        0        319        1          233       
1457   217      7        781        0        362        1          29        
1458   2351     4        781        0        615        1          247       
--- strip break: IADT delta_t=1 (strip_t 781 → 782)
1459   1819     7        782        0        392        1          73        
1460   82       7        782        0        400        1          2         
1461   89       8        782        0        412        1          6         
1462   211      7        782        0        430        1          11        
1463   2034     7        782        0        438        1          2         
1464   209      7        782        0        452        1          8         
1465   1908     6        782        0        522        1          64        
1466   2036     7        782        0        534        1          7         
1467   168      6        782        0        569        1          29        
1468   169      6        782        0        580        1          6         
1469   2628     7        782        0        591        1          6         
1470   2038     7        782        0        599        1          2         
1471   212      7        782        0        607        1          2         
--- strip break: IADT delta_t=1 (strip_t 782 → 783)
1472   1790     8        783        0        542        1          150       
--- strip break: IADT delta_t=4 (strip_t 783 → 787)
1473   49       4        787        0        628        4          86        
--- strip break: IADT delta_t=1 (strip_t 787 → 788)
1474   24       2        788        0        503        1          -125      
1475   1799     7        788        0        542        1          38        
--- strip break: IADT delta_t=7 (strip_t 788 → 795)
1476   3115     19       795        0        80         7          -423      
--- strip break: IADT delta_t=1 (strip_t 795 → 796)
1477   9        3        796        0        95         1          15        
1478   2705     9        796        0        110        1          13        
1479   2554     4        796        0        119        1          1         
1480   2629     7        796        0        139        1          17        
1481   1090     8        796        0        171        1          26        
1482   1091     8        796        0        190        1          12        
1483   9        3        796        0        206        1          9         
1484   2563     4        796        0        224        1          16        
1485   9        3        796        0        229        1          2         
1486   1042     4        796        0        244        1          13        
1487   9        3        796        0        290        1          43        
--- strip break: IADT delta_t=1 (strip_t 796 → 797)
1488   2468     6        797        0        74         1          -21       
1489   2493     11       797        0        233        1          154       
1490   1227     13       797        0        353        1          110       
--- strip break: IADT delta_t=1 (strip_t 797 → 798)
1491   2359     5        798        0        185        1          111       
1492   2521     15       798        0        278        1          89        
1493   2515     13       798        0        334        1          42        
1494   2556     4        798        0        417        1          71        
1495   8        2        798        0        441        1          21        
1496   1042     4        798        0        468        1          26        
1497   2838     6        798        0        478        1          7         
1498   2997     14       798        0        497        1          14        
1499   1265     8        798        0        547        1          37        
1500   9        3        798        0        556        1          2         
1501   1076     8        798        0        566        1          8         
1502   2589     6        798        0        583        1          10        
1503   1218     11       798        0        604        1          16        
1504   10       3        798        0        616        1          2         
--- strip break: IADT delta_t=1 (strip_t 798 → 799)
1505   149      6        799        0        100        1          -85       
1506   2266     14       799        0        124        1          19        
1507   2290     15       799        0        156        1          19        
1508   2369     6        799        0        199        1          29        
1509   2378     7        799        0        248        1          44        
1510   2458     5        799        0        411        1          157       
1511   414      5        799        0        421        1          6         
--- strip break: IADT delta_t=1 (strip_t 799 → 800)
1512   54       3        800        0        206        1          106       
1513   1805     6        800        0        210        1          2         
1514   60       4        800        0        229        1          14        
1515   2683     8        800        0        262        1          30        
1516   2040     7        800        0        271        1          2         
1517   2172     11       800        0        294        1          17        
1518   2291     15       800        0        306        1          2         
1519   1092     8        800        0        321        1          1         
1520   2358     5        800        0        435        1          107       
--- strip break: IADT delta_t=1 (strip_t 800 → 801)
1521   152      6        801        0        367        1          161       
1522   2268     14       801        0        382        1          10        
1523   2041     7        801        0        397        1          2         
1524   1910     6        801        0        405        1          2         
1525   2042     7        801        0        427        1          17        
1526   274      8        801        0        444        1          11        
--- strip break: IADT delta_t=1 (strip_t 801 → 802)
1527   61       4        802        0        440        1          73        
1528   87       8        802        0        452        1          9         
1529   1806     6        802        0        461        1          2         
1530   66       5        802        0        484        1          18        
1531   1911     6        802        0        490        1          2         
1532   271      8        802        0        511        1          16        
1533   2204     12       802        0        519        1          1         
1534   1831     9        802        0        537        1          7         
1535   102      3        802        0        556        1          11        
1536   1913     6        802        0        560        1          2         
1537   1820     7        802        0        597        1          32        
1538   54       3        802        0        616        1          13        
1539   96       11       802        0        621        1          3         
--- strip break: IADT delta_t=3 (strip_t 802 → 805)
1540   35       2        805        0        147        3          -293      
--- strip break: IADT delta_t=10 (strip_t 805 → 815)
1541   9        3        815        0        127        10         -20       
1542   2913     8        815        0        139        10         10        
1543   10       3        815        0        161        10         15        
1544   3051     18       815        0        219        10         56        
--- strip break: IADT delta_t=1 (strip_t 815 → 816)
1545   1066     7        816        0        273        1          146       
--- strip break: IADT delta_t=1 (strip_t 816 → 817)
1546   401      5        817        0        165        1          -108      
1547   2684     8        817        0        312        1          143       
1548   2685     8        817        0        339        1          20        
1549   2996     14       817        0        377        1          31        
1550   1265     8        817        0        407        1          17        
1551   10       3        817        0        430        1          16        
1552   1266     8        817        0        456        1          24        
1553   2939     9        817        0        584        1          121       
1554   2839     6        817        0        626        1          34        
--- strip break: IADT delta_t=1 (strip_t 817 → 818)
1555   2411     14       818        0        74         1          -91       
1556   2457     5        818        0        334        1          247       
1557   1059     6        818        0        520        1          182       
1558   2588     6        818        0        534        1          9         
1559   2630     7        818        0        541        1          2         
1560   2631     7        818        0        557        1          10        
--- strip break: IADT delta_t=1 (strip_t 818 → 819)
1561   2202     12       819        0        97         1          23        
1562   1082     8        819        0        109        1          1         
1563   1863     4        819        0        126        1          10        
1564   279      8        819        0        131        1          2         
1565   1909     6        819        0        148        1          10        
1566   135      5        819        0        155        1          2         
1567   1859     3        819        0        161        1          2         
1568   197      7        819        0        171        1          8         
1569   2102     8        819        0        178        1          1         
1570   2311     17       819        0        186        1          1         
1571   2330     20       819        0        238        1          36        
1572   2039     7        819        0        266        1          9         
1573   409      5        819        0        416        1          144       
1574   409      5        819        0        451        1          31        
1575   2459     5        819        0        550        1          95        
--- strip break: IADT delta_t=1 (strip_t 819 → 820)
1576   1847     12       820        0        287        1          190       
1577   1082     8        820        0        299        1          1         
1578   2267     14       820        0        320        1          14        
1579   170      6        820        0        348        1          15        
1580   2203     12       820        0        355        1          2         
--- strip break: IADT delta_t=1 (strip_t 820 → 821)
1581   2772     16       821        0        391        1          104       
1582   101      3        821        0        430        1          24        
1583   263      8        821        0        434        1          2         
1584   171      6        821        0        465        1          24        
1585   2144     10       821        0        480        1          10        
1586   1912     6        821        0        491        1          2         
1587   149      6        821        0        498        1          2         
1588   2043     7        821        0        512        1          9         
1589   2145     10       821        0        594        1          76        
1590   219      7        821        0        604        1          1         
1591   272      8        821        0        618        1          8         
--- strip break: IADT delta_t=6 (strip_t 821 → 827)
1592   1        3        827        0        565        6          174       
--- strip break: IADT delta_t=7 (strip_t 827 → 834)
1593   3127     33       834        0        74         7          -491      
--- strip break: IADT delta_t=1 (strip_t 834 → 835)
1594   2791     21       835        0        175        1          101       
1595   1247     6        835        0        222        1          27        
1596   1265     8        835        0        241        1          14        
1597   2959     11       835        0        262        1          14        
1598   2840     6        835        0        307        1          35        
--- strip break: IADT delta_t=1 (strip_t 835 → 836)
1599   2915     8        836        0        324        1          149       
1600   2970     12       836        0        345        1          14        
--- strip break: IADT delta_t=1 (strip_t 836 → 837)
1601   402      5        837        0        236        1          -88       
1602   2794     22       837        0        365        1          125       
1603   3085     23       837        0        426        1          40        
1604   2998     14       837        0        494        1          46        
1605   1262     8        837        0        514        1          7         
1606   10       3        837        0        523        1          2         
1607   3037     16       837        0        591        1          66        
1608   9        3        837        0        613        1          7         
--- strip break: IADT delta_t=1 (strip_t 837 → 838)
1609   2146     10       838        0        112        1          -124      
1610   2438     21       838        0        122        1          1         
1611   2412     14       838        0        148        1          6         
1612   2173     11       838        0        163        1          2         
1613   2403     13       838        0        196        1          23        
1614   316      5        838        0        318        1          110       
1615   3134     20       838        0        387        1          65        
1616   1        3        838        0        482        1          76        
--- strip break: IADT delta_t=1 (strip_t 838 → 839)
1617   2094     8        839        0        214        1          102       
1618   220      7        839        0        249        1          28        
1619   2046     7        839        0        273        1          18        
1620   304      13       839        0        281        1          2         
1621   2104     8        839        0        299        1          6         
1622   345      7        839        0        332        1          26        
1623   2484     9        839        0        607        1          269       
--- strip break: IADT delta_t=1 (strip_t 839 → 840)
1624   2047     7        840        0        357        1          143       
1625   2292     15       840        0        400        1          37        
--- strip break: IADT delta_t=1 (strip_t 840 → 841)
1626   2341     26       841        0        455        1          98        
1627   115      4        841        0        482        1          2         
1628   1821     7        841        0        486        1          1         
1629   101      3        841        0        523        1          31        
1630   1915     6        841        0        527        1          2         
1631   2271     14       841        0        538        1          6         
1632   2206     12       841        0        552        1          1         
1633   2207     12       841        0        564        1          1         
1634   2294     15       841        0        576        1          1         
1635   2304     16       841        0        616        1          26        
--- strip break: IADT delta_t=5 (strip_t 841 → 846)
1636   39       3        846        0        415        5          -40       
--- strip break: IADT delta_t=8 (strip_t 846 → 854)
1637   2870     7        854        0        74         8          -341      
1638   1240     4        854        0        114        8          34        
1639   2958     11       854        0        119        8          2         
1640   43       5        854        0        187        8          58        
--- strip break: IADT delta_t=1 (strip_t 854 → 855)
1641   2706     9        855        0        181        1          107       
1642   2714     10       855        0        215        1          26        
1643   2547     3        855        0        232        1          8         
1644   2960     11       855        0        284        1          50        
--- strip break: IADT delta_t=1 (strip_t 855 → 856)
1645   401      5        856        0        139        1          -42       
1646   2460     5        856        0        171        1          28        
1647   2578     5        856        0        296        1          121       
1648   1        3        856        0        317        1          17        
1649   2841     6        856        0        413        1          94        
--- strip break: IADT delta_t=1 (strip_t 856 → 857)
1650   1060     6        857        0        455        1          316       
1651   11       3        857        0        507        1          47        
1652   1076     8        857        0        567        1          58        
--- strip break: IADT delta_t=1 (strip_t 857 → 858)
1653   2103     8        858        0        80         1          -375      
1654   1914     6        858        0        88         1          1         
1655   3022     15       858        0        99         1          6         
1656   2044     7        858        0        131        1          18        
1657   1872     6        858        0        144        1          7         
1658   2914     8        858        0        150        1          1         
1659   197      7        858        0        163        1          6         
1660   2045     7        858        0        192        1          23        
1661   2147     10       858        0        200        1          2         
1662   134      5        858        0        226        1          17        
1663   2269     14       858        0        236        1          6         
1664   2431     18       858        0        250        1          1         
1665   2541     27       858        0        330        1          63        
1666   414      5        858        0        543        1          187       
--- strip break: IADT delta_t=1 (strip_t 858 → 859)
1667   2148     10       859        0        311        1          231       
1668   221      7        859        0        322        1          2         
1669   2360     5        859        0        561        1          233       
--- strip break: IADT delta_t=1 (strip_t 859 → 860)
1670   2632     7        860        0        366        1          55        
1671   2270     14       860        0        373        1          1         
1672   2205     12       860        0        388        1          2         
1673   280      8        860        0        405        1          6         
1674   3080     22       860        0        427        1          15        
1675   2125     9        860        0        467        1          19        
1676   2240     13       860        0        477        1          2         
1677   2293     15       860        0        519        1          30        
1678   2048     7        860        0        575        1          42        
1679   2241     13       860        0        587        1          6         
1680   2242     13       860        0        600        1          1         
1681   116      4        860        0        614        1          2         
1682   2413     14       860        0        618        1          1         
--- strip break: IADT delta_t=1 (strip_t 860 → 861)
1683   2633     7        861        0        499        1          133       
1684   59       4        861        0        507        1          2         
1685   79       7        861        0        512        1          2         
1686   1822     7        861        0        549        1          31        
--- strip break: IADT delta_t=13 (strip_t 861 → 874)
1687   2634     7        874        0        82         13         -417      
1688   1057     6        874        0        186        13         98        
1689   1236     3        874        0        237        13         46        
--- strip break: IADT delta_t=1 (strip_t 874 → 875)
1690   469      6        875        0        151        1          69        
1691   2616     7        875        0        311        1          155       
1692   2918     8        875        0        351        1          34        
--- strip break: IADT delta_t=1 (strip_t 875 → 876)
1693   2461     5        876        0        213        1          62        
1694   2585     6        876        0        360        1          143       
1695   1061     6        876        0        378        1          13        
1696   2774     16       876        0        392        1          9         
1697   2919     8        876        0        430        1          23        
1698   3038     16       876        0        548        1          111       
1699   3024     15       876        0        599        1          36        
1700   9        3        876        0        622        1          9         
--- strip break: IADT delta_t=1 (strip_t 876 → 877)
1701   281      8        877        0        74         1          -139      
1702   2208     12       877        0        96         1          15        
1703   2916     8        877        0        108        1          1         
1704   1916     6        877        0        121        1          6         
1705   346      7        877        0        128        1          2         
1706   2305     16       877        0        135        1          1         
1707   2979     13       877        0        157        1          7         
1708   1        3        877        0        476        1          307       
--- strip break: IADT delta_t=1 (strip_t 877 → 878)
1709   9        3        878        0        175        1          101       
1710   214      7        878        0        192        1          15        
1711   69       6        878        0        200        1          2         
1712   93       10       878        0        219        1          14        
1713   2050     7        878        0        229        1          1         
1714   77       7        878        0        241        1          6         
1715   2051     7        878        0        248        1          1         
1716   2608     7        878        0        264        1          10        
1717   222      7        878        0        271        1          1         
1718   223      7        878        0        278        1          1         
1719   2209     12       878        0        286        1          2         
1720   274      8        878        0        303        1          6         
1721   376      4        878        0        481        1          171       
1722   472      6        878        0        626        1          142       
--- strip break: IADT delta_t=1 (strip_t 878 → 879)
1723   2174     11       879        0        326        1          151       
1724   1083     8        879        0        338        1          2         
1725   157      6        879        0        366        1          21        
--- strip break: IADT delta_t=1 (strip_t 879 → 880)
1726   77       7        880        0        408        1          82        
1727   2053     7        880        0        415        1          1         
1728   1919     6        880        0        439        1          18        
1729   2334     21       880        0        446        1          2         
1730   97       3        880        0        476        1          10        
1731   1864     5        880        0        486        1          8         
1732   224      7        880        0        500        1          10        
1733   2313     17       880        0        508        1          2         
1734   1807     6        880        0        526        1          2         
1735   2055     7        880        0        540        1          9         
1736   1920     6        880        0        572        1          26        
1737   175      6        880        0        579        1          2         
1738   1850     13       880        0        586        1          2         
1739   110      4        880        0        622        1          24        
--- strip break: IADT delta_t=3 (strip_t 880 → 883)
1740   46       3        883        0        175        3          -233      
--- strip break: IADT delta_t=2 (strip_t 883 → 885)
1741   1        3        885        0        526        2          351       
--- strip break: IADT delta_t=8 (strip_t 885 → 893)
1742   2817     4        893        0        95         8          -431      
1743   1242     4        893        0        121        8          23        
1744   1248     6        893        0        148        8          24        
--- strip break: IADT delta_t=1 (strip_t 893 → 894)
1745   1039     3        894        0        143        1          48        
1746   1042     4        894        0        205        1          60        
1747   2555     4        894        0        209        1          1         
1748   2721     11       894        0        233        1          21        
1749   2590     6        894        0        255        1          12        
1750   2842     6        894        0        267        1          7         
1751   2818     4        894        0        287        1          15        
1752   2917     8        894        0        302        1          12        
--- strip break: IADT delta_t=1 (strip_t 894 → 895)
1753   2535     21       895        0        161        1          18        
1754   2564     4        895        0        323        1          142       
1755   2773     16       895        0        328        1          2         
1756   9        3        895        0        364        1          21        
1757   13       4        895        0        373        1          7         
1758   1267     8        895        0        411        1          35        
1759   1237     3        895        0        420        1          2         
--- strip break: IADT delta_t=1 (strip_t 895 → 896)
1760   2436     20       896        0        75         1          -86       
1761   401      5        896        0        297        1          203       
1762   2686     8        896        0        430        1          129       
1763   2722     11       896        0        458        1          21        
1764   9        3        896        0        482        1          14        
1765   2636     7        896        0        554        1          70        
1766   2766     15       896        0        610        1          50        
--- strip break: IADT delta_t=1 (strip_t 896 → 897)
1767   2049     7        897        0        100        1          25        
1768   2272     14       897        0        107        1          1         
1769   2635     7        897        0        126        1          6         
1770   2312     17       897        0        188        1          56        
1771   1917     6        897        0        245        1          41        
1772   404      5        897        0        368        1          118       
1773   408      5        897        0        548        1          176       
--- strip break: IADT delta_t=1 (strip_t 897 → 898)
1774   2243     13       898        0        273        1          173       
1775   2052     7        898        0        311        1          26        
--- strip break: IADT delta_t=1 (strip_t 898 → 899)
1776   2318     18       899        0        345        1          72        
1777   114      4        899        0        363        1          1         
1778   114      4        899        0        373        1          7         
1779   1918     6        899        0        378        1          2         
1780   1864     5        899        0        385        1          2         
1781   2126     9        899        0        401        1          12        
1782   172      6        899        0        424        1          15        
1783   140      5        899        0        445        1          16        
1784   173      6        899        0        469        1          20        
1785   3023     15       899        0        486        1          12        
1786   50       7        899        0        495        1          -5        
1787   1994     7        899        0        520        1          19        
1788   174      6        899        0        527        1          1         
1789   2054     7        899        0        533        1          1         
1790   2273     14       899        0        562        1          23        
1791   225      7        899        0        582        1          7         
1792   2999     14       899        0        590        1          2         
1793   1921     6        899        0        626        1          23        
--- strip break: IADT delta_t=1 (strip_t 899 → 900)
1794   1823     7        900        0        451        1          106       
1795   1832     9        900        0        476        1          19        
1796   1843     11       900        0        508        1          24        
--- strip break: IADT delta_t=3 (strip_t 900 → 903)
1797   37       3        903        0        134        3          -317      
1798   1        3        903        0        214        3          78        
--- strip break: IADT delta_t=1 (strip_t 903 → 904)
1799   46       3        904        0        391        1          257       
--- strip break: IADT delta_t=2 (strip_t 904 → 906)
1800   37       3        906        0        1          2          -390      
--- strip break: IADT delta_t=6 (strip_t 906 → 912)
1801   3181     51       912        0        75         6          74        
--- strip break: IADT delta_t=1 (strip_t 912 → 913)
1802   10       3        913        0        197        1          122       
1803   2819     4        913        0        237        1          38        
--- strip break: IADT delta_t=1 (strip_t 913 → 914)
1804   2688     8        914        0        242        1          45        
1805   2637     7        914        0        256        1          7         
1806   2940     9        914        0        289        1          27        
1807   10       3        914        0        298        1          1         
1808   2871     7        914        0        346        1          46        
--- strip break: IADT delta_t=1 (strip_t 914 → 915)
1809   401      5        915        0        201        1          -41       
1810   10       3        915        0        373        1          168       
1811   10       3        915        0        403        1          28        
1812   3039     16       915        0        407        1          2         
1813   3065     20       915        0        424        1          2         
1814   2805     3        915        0        455        1          12        
1815   2843     6        915        0        459        1          2         
1816   2844     6        915        0        470        1          6         
1817   2845     6        915        0        512        1          37        
1818   3000     14       915        0        538        1          21        
1819   2821     4        915        0        604        1          53        
1820   2872     7        915        0        617        1          10        
--- strip break: IADT delta_t=1 (strip_t 915 → 916)
1821   2105     8        916        0        131        1          -70       
1822   2463     5        916        0        302        1          164       
1823   2505     12       916        0        308        1          2         
1824   2441     4        916        0        368        1          49        
--- strip break: IADT delta_t=1 (strip_t 916 → 917)
1825   2767     15       917        0        139        1          8         
1826   2106     8        917        0        155        1          2         
1827   2202     12       917        0        168        1          6         
1828   2723     11       917        0        180        1          1         
1829   109      4        917        0        196        1          6         
1830   2319     18       917        0        211        1          12        
1831   2056     7        917        0        230        1          2         
1832   2057     7        917        0        264        1          28        
1833   2108     8        917        0        276        1          6         
1834   2464     5        917        0        557        1          274       
--- strip break: IADT delta_t=1 (strip_t 917 → 918)
1835   60       4        918        0        298        1          159       
1836   133      5        918        0        321        1          20        
1837   2244     13       918        0        332        1          7         
1838   1922     6        918        0        361        1          17        
--- strip break: IADT delta_t=1 (strip_t 918 → 919)
1839   73       6        919        0        354        1          56        
1840   110      4        919        0        373        1          14        
1841   2787     20       919        0        377        1          1         
1842   54       3        919        0        403        1          7         
1843   2130     10       919        0        482        1          77        
1844   226      7        919        0        492        1          1         
1845   1924     6        919        0        500        1          2         
1846   271      8        919        0        517        1          12        
1847   2210     12       919        0        525        1          1         
1848   2109     8        919        0        562        1          26        
1849   2275     14       919        0        575        1          6         
1850   282      8        919        0        589        1          1         
1851   2060     7        919        0        597        1          1         
1852   2061     7        919        0        609        1          6         
1853   1997     7        919        0        625        1          10        
--- strip break: IADT delta_t=5 (strip_t 919 → 924)
1854   48       4        924        0        445        5          91        
--- strip break: IADT delta_t=8 (strip_t 924 → 932)
1855   2920     8        932        0        80         8          -365      
--- strip break: IADT delta_t=1 (strip_t 932 → 933)
1856   2462     5        933        0        75         1          -5        
1857   2591     6        933        0        96         1          17        
1858   1239     4        933        0        240        1          139       
1859   2921     8        933        0        244        1          1         
1860   1265     8        933        0        258        1          7         
1861   2815     4        933        0        274        1          9         
1862   2922     8        933        0        278        1          1         
--- strip break: IADT delta_t=1 (strip_t 933 → 934)
1863   3137     47       934        0        145        1          70        
1864   1047     4        934        0        299        1          108       
1865   2565     4        934        0        304        1          2         
1866   2971     12       934        0        314        1          7         
1867   9        3        934        0        328        1          3         
1868   2820     4        934        0        343        1          13        
1869   9        3        934        0        348        1          2         
1870   3171     16       934        0        352        1          2         
--- strip break: IADT delta_t=1 (strip_t 934 → 935)
1871   2379     7        935        0        89         1          -56       
1872   2638     7        935        0        390        1          295       
1873   3153     28       935        0        426        1          30        
1874   9        3        935        0        434        1          -19       
1875   2639     7        935        0        461        1          25        
1876   8        2        935        0        497        1          30        
1877   1227     13       935        0        526        1          28        
--- strip break: IADT delta_t=1 (strip_t 935 → 936)
1878   2516     13       936        0        106        1          17        
1879   2687     8        936        0        118        1          0         
1880   2274     14       936        0        131        1          6         
1881   2429     16       936        0        192        1          48        
1882   2432     18       936        0        213        1          6         
1883   2469     6        936        0        368        1          138       
1884   397      5        936        0        515        1          142       
1885   2579     5        936        0        579        1          60        
--- strip break: IADT delta_t=1 (strip_t 936 → 937)
1886   260      8        937        0        231        1          125       
1887   2107     8        937        0        266        1          28        
1888   221      7        937        0        292        1          19        
1889   2392     11       937        0        327        1          29        
--- strip break: IADT delta_t=1 (strip_t 937 → 938)
1890   99       3        938        0        348        1          117       
1891   2131     10       938        0        379        1          29        
1892   2295     15       938        0        398        1          10        
1893   2149     10       938        0        416        1          4         
1894   1923     6        938        0        454        1          29        
1895   3081     22       938        0        474        1          15        
1896   2058     7        938        0        501        1          6         
1897   1925     6        938        0        509        1          2         
1898   2059     7        938        0        539        1          25        
1899   2434     19       938        0        551        1          6         
--- strip break: IADT delta_t=1 (strip_t 938 → 939)
1900   61       4        939        0        496        1          148       
1901   2689     8        939        0        570        1          71        
1902   2707     9        939        0        583        1          6         
1903   2640     7        939        0        597        1          6         
1904   227      7        939        0        605        1          2         
1905   2331     20       939        0        612        1          1         
--- strip break: IADT delta_t=12 (strip_t 939 → 951)
1906   3047     17       951        0        91         12         -405      
--- strip break: IADT delta_t=1 (strip_t 951 → 952)
1907   3122     27       952        0        123        1          32        
1908   14       4        952        0        131        1          -18       
1909   10       3        952        0        174        1          40        
--- strip break: IADT delta_t=1 (strip_t 952 → 953)
1910   2777     17       953        0        215        1          92        
1911   2941     9        953        0        270        1          39        
1912   9        3        953        0        275        1          -3        
1913   9        3        953        0        285        1          8         
1914   9        3        953        0        296        1          9         
--- strip break: IADT delta_t=1 (strip_t 953 → 954)
1915   2537     22       954        0        168        1          -47       
1916   2708     9        954        0        279        1          90        
1917   2754     14       954        0        349        1          62        
1918   3026     15       954        0        442        1          80        
1919   2924     8        954        0        463        1          7         
1920   14       4        954        0        469        1          -1        
1921   10       3        954        0        482        1          10        
1922   1249     6        954        0        509        1          25        
1923   2873     7        954        0        543        1          29        
1924   2992     14       954        0        556        1          7         
--- strip break: IADT delta_t=1 (strip_t 954 → 955)
1925   3025     15       955        0        75         1          -93       
1926   296      10       955        0        113        1          24        
1927   2384     8        955        0        155        1          33        
1928   1052     5        955        0        370        1          208       
1929   0        2        955        0        552        1          178       
1930   2638     7        955        0        576        1          23        
--- strip break: IADT delta_t=1 (strip_t 955 → 956)
1931   2340     24       956        0        190        1          115       
1932   2036     7        956        0        233        1          20        
1933   2923     8        956        0        241        1          2         
1934   3040     16       956        0        254        1          6         
1935   399      5        956        0        436        1          167       
--- strip break: IADT delta_t=1 (strip_t 956 → 957)
1936   2150     10       957        0        289        1          99        
1937   74       6        957        0        300        1          2         
1938   283      8        957        0        307        1          2         
1939   2336     22       957        0        321        1          7         
1940   1926     6        957        0        364        1          22        
--- strip break: IADT delta_t=1 (strip_t 957 → 958)
1941   83       7        958        0        376        1          87        
1942   1844     11       958        0        383        1          1         
1943   1826     8        958        0        399        1          6         
1944   2768     15       958        0        407        1          1         
1945   266      8        958        0        423        1          2         
1946   2110     8        958        0        473        1          43        
1947   113      4        958        0        482        1          2         
1948   2062     7        958        0        486        1          1         
1949   1829     8        958        0        493        1          1         
1950   1976     7        958        0        515        1          15        
1951   134      5        958        0        523        1          2         
1952   1833     9        958        0        533        1          6         
1953   97       3        958        0        552        1          11        
1954   1927     6        958        0        584        1          30        
1955   256      8        958        0        596        1          7         
1956   2063     7        958        0        604        1          1         
1957   2064     7        958        0        611        1          1         
1958   2065     7        958        0        618        1          1         
1959   1928     6        958        0        626        1          2         
--- strip break: IADT delta_t=5 (strip_t 958 → 963)
1960   46       3        963        0        502        5          126       
--- strip break: IADT delta_t=8 (strip_t 963 → 971)
1961   3090     27       971        0        75         8          -427      
1962   3128     33       971        0        147        8          46        
--- strip break: IADT delta_t=3 (strip_t 971 → 974)
1963   2380     7        974        0        103        3          28        
1964   2478     8        974        0        114        3          5         
1965   2533     20       974        0        127        3          6         
--- strip break: IADT delta_t=6 (strip_t 974 → 980)
1966   3186     5        980        0        0          6          -103      
--- strip break: IADT delta_t=1 (strip_t 980 → 981)
1967   9        3        981        0        180        1          180       
--- strip break: IADT delta_t=9 (strip_t 981 → 990)
1968   46       3        990        0        99         9          -81       
1969   1256     7        990        0        110        9          9         
--- strip break: IADT delta_t=1 (strip_t 990 → 991)
1970   37       3        991        0        104        1          5         
1971   3066     20       991        0        130        1          24        
1972   3133     16       991        0        154        1          5         
1973   2874     7        991        0        207        1          38        
--- strip break: IADT delta_t=1 (strip_t 991 → 992)
1974   3094     30       992        0        258        1          154       
1975   3001     14       992        0        293        1          6         
1976   2961     11       992        0        329        1          23        
--- strip break: IADT delta_t=1 (strip_t 992 → 993)
1977   2517     13       993        0        186        1          -72       
1978   2926     8        993        0        431        1          233       
1979   2567     4        993        0        439        1          1         
1980   1241     4        993        0        518        1          76        
1981   2927     8        993        0        522        1          1         
--- strip break: IADT delta_t=1 (strip_t 993 → 994)
1982   295      9        994        0        116        1          -70       
1983   2470     6        994        0        314        1          190       
1984   377      4        994        0        419        1          100       
1985   2782     18       994        0        539        1          117       
1986   2568     4        994        0        557        1          1         
1987   2642     7        994        0        609        1          49        
1988   1038     3        994        0        617        1          2         
--- strip break: IADT delta_t=1 (strip_t 994 → 995)
1989   2422     15       995        0        171        1          55        
1990   2020     7        995        0        219        1          34        
1991   2314     17       995        0        226        1          1         
1992   2296     15       995        0        243        1          1         
--- strip break: IADT delta_t=1 (strip_t 995 → 996)
1993   228      7        996        0        308        1          137       
1994   2297     15       996        0        349        1          35        
1995   2925     8        996        0        364        1          1         
1996   2435     19       996        0        377        1          6         
--- strip break: IADT delta_t=1 (strip_t 996 → 997)
1997   2641     7        997        0        397        1          89        
1998   156      6        997        0        405        1          2         
1999   1930     6        997        0        412        1          2         
2000   2040     7        997        0        424        1          7         
2001   2032     7        997        0        444        1          14        
2002   2343     27       997        0        459        1          9         
2003   1834     9        997        0        493        1          8         
2004   281      8        997        0        502        1          1         
2005   1931     6        997        0        511        1          2         
2006   2211     12       997        0        567        1          51        
2007   2003     7        997        0        579        1          1         
2008   229      7        997        0        594        1          9         
2009   1932     6        997        0        621        1          21        
--- strip break: IADT delta_t=2 (strip_t 997 → 999)
2010   25       3        999        0        3          2          -394      
--- strip break: IADT delta_t=2 (strip_t 999 → 1001)
2011   1        3        1001       0        628        2          625       
--- strip break: IADT delta_t=1 (strip_t 1001 → 1002)
2012   35       2        1002       0        321        1          -307      
--- strip break: IADT delta_t=8 (strip_t 1002 → 1010)
2013   13       4        1010       0        91         8          -230      
2014   14       4        1010       0        111        8          17        
2015   1061     6        1010       0        137        8          23        
2016   3111     12       1010       0        174        8          32        
--- strip break: IADT delta_t=1 (strip_t 1010 → 1011)
2017   1052     5        1011       0        122        1          31        
2018   2875     7        1011       0        243        1          117       
--- strip break: IADT delta_t=1 (strip_t 1011 → 1012)
2019   2566     4        1012       0        251        1          129       
2020   1045     4        1012       0        273        1          19        
2021   2818     4        1012       0        339        1          63        
2022   2822     4        1012       0        343        1          1         
2023   1236     3        1012       0        364        1          18        
2024   2950     10       1012       0        429        1          63        
2025   2846     6        1012       0        459        1          21        
--- strip break: IADT delta_t=1 (strip_t 1012 → 1013)
2026   268      8        1013       0        75         1          -176      
2027   2332     20       1013       0        83         1          1         
2028   284      8        1013       0        103        1          1         
2029   1929     6        1013       0        116        1          6         
2030   2655     8        1013       0        355        1          234       
2031   2774     16       1013       0        470        1          108       
2032   1062     6        1013       0        516        1          31        
2033   2997     14       1013       0        589        1          68        
2034   1093     8        1013       0        616        1          14        
--- strip break: IADT delta_t=1 (strip_t 1013 → 1014)
2035   54       3        1014       0        112        1          37        
2036   297      10       1014       0        148        1          34        
2037   2306     16       1014       0        158        1          1         
2038   2387     8        1014       0        191        1          18        
2039   2423     15       1014       0        199        1          1         
2040   2430     17       1014       0        214        1          1         
2041   415      5        1014       0        448        1          218       
2042   2788     20       1014       0        522        1          70        
--- strip break: IADT delta_t=1 (strip_t 1014 → 1015)
2043   1871     5        1015       0        232        1          120       
2044   2175     11       1015       0        256        1          20        
2045   2127     9        1015       0        277        1          11        
2046   2424     15       1015       0        302        1          17        
2047   3075     21       1015       0        317        1          1         
2048   2544     38       1015       0        550        1          213       
2049   416      5        1015       0        611        1          24        
--- strip break: IADT delta_t=1 (strip_t 1015 → 1016)
2050   1845     11       1016       0        290        1          58        
2051   197      7        1016       0        348        1          48        
2052   2307     16       1016       0        368        1          14        
2053   2066     7        1016       0        440        1          57        
2054   2067     7        1016       0        486        1          40        
2055   347      7        1016       0        493        1          1         
2056   1970     7        1016       0        508        1          9         
--- strip break: IADT delta_t=1 (strip_t 1016 → 1017)
2057   2068     7        1017       0        624        1          334       
--- strip break: IADT delta_t=2 (strip_t 1017 → 1019)
2058   37       3        1019       0        128        2          -496      
--- strip break: IADT delta_t=2 (strip_t 1019 → 1021)
2059   8        2        1021       0        394        2          266       
2060   8        2        1021       0        406        2          11        
2061   8        2        1021       0        418        2          11        
--- strip break: IADT delta_t=8 (strip_t 1021 → 1029)
2062   2643     7        1029       0        94         8          -300      
2063   2877     7        1029       0        116        8          16        
2064   3124     28       1029       0        151        8          29        
--- strip break: IADT delta_t=1 (strip_t 1029 → 1030)
2065   2        4        1030       0        81         1          -13       
2066   13       4        1030       0        160        1          76        
2067   3076     21       1030       0        187        1          24        
--- strip break: IADT delta_t=1 (strip_t 1030 → 1031)
2068   3106     8        1031       0        102        1          21        
2069   3041     16       1031       0        213        1          104       
2070   2962     11       1031       0        240        1          12        
2071   2847     6        1031       0        271        1          21        
2072   3002     14       1031       0        284        1          8         
2073   3052     18       1031       0        314        1          17        
--- strip break: IADT delta_t=1 (strip_t 1031 → 1032)
2074   2592     6        1032       0        229        1          127       
2075   2462     5        1032       0        235        1          1         
2076   2580     5        1032       0        347        1          108       
2077   9        3        1032       0        366        1          15        
2078   2879     7        1032       0        428        1          60        
2079   3147     16       1032       0        450        1          16        
2080   1268     8        1032       0        493        1          28        
--- strip break: IADT delta_t=1 (strip_t 1032 → 1033)
2081   159      6        1033       0        75         1          -154      
2082   97       3        1033       0        82         1          2         
2083   2876     7        1033       0        86         1          2         
2084   1968     7        1033       0        123        1          31        
2085   1933     6        1033       0        130        1          1         
2086   2131     10       1033       0        141        1          6         
2087   652      9        1033       0        360        1          210       
2088   2715     10       1033       0        516        1          148       
2089   1076     8        1033       0        534        1          9         
2090   2593     6        1033       0        561        1          20        
2091   2569     4        1033       0        620        1          54        
--- strip break: IADT delta_t=1 (strip_t 1033 → 1034)
2092   2370     6        1034       0        252        1          177       
2093   2540     26       1034       0        467        1          210       
2094   2467     6        1034       0        542        1          50        
--- strip break: IADT delta_t=1 (strip_t 1034 → 1035)
2095   189      7        1035       0        263        1          11        
2096   2070     7        1035       0        298        1          29        
2097   2071     7        1035       0        332        1          28        
2098   2072     7        1035       0        340        1          2         
2099   2111     8        1035       0        352        1          6         
2100   2308     16       1035       0        369        1          10        
2101   230      7        1035       0        401        1          17        
2102   2404     13       1035       0        408        1          1         
--- strip break: IADT delta_t=1 (strip_t 1035 → 1036)
2103   1838     10       1036       0        391        1          128       
2104   1824     7        1036       0        435        1          35        
2105   79       7        1036       0        443        1          2         
2106   2073     7        1036       0        501        1          52        
2107   2880     7        1036       0        527        1          20        
2108   2075     7        1036       0        553        1          20        
2109   257      8        1036       0        574        1          15        
2110   3082     22       1036       0        589        1          8         
2111   2692     8        1036       0        612        1          2         
2112   1939     6        1036       0        625        1          6         
--- strip break: IADT delta_t=4 (strip_t 1036 → 1040)
2113   3139     3        1040       0        1          4          -390      
--- strip break: IADT delta_t=9 (strip_t 1040 → 1049)
2114   2690     8        1049       0        99         9          98        
2115   2928     8        1049       0        151        9          45        
2116   2806     3        1049       0        167        9          9         
--- strip break: IADT delta_t=1 (strip_t 1049 → 1050)
2117   2518     13       1050       0        75         1          -24       
--- strip break: IADT delta_t=1 (strip_t 1050 → 1051)
2118   2457     5        1051       0        146        1          71        
2119   1076     8        1051       0        278        1          128       
2120   2807     3        1051       0        337        1          52        
2121   2878     7        1051       0        417        1          78        
--- strip break: IADT delta_t=1 (strip_t 1051 → 1052)
2122   417      5        1052       0        257        1          111       
2123   2585     6        1052       0        387        1          126       
2124   2755     14       1052       0        451        1          59        
2125   13       4        1052       0        523        1          59        
2126   2881     7        1052       0        568        1          42        
--- strip break: IADT delta_t=1 (strip_t 1052 → 1053)
2127   1808     6        1053       0        93         1          -164      
2128   84       7        1053       0        108        1          10        
2129   275      8        1053       0        115        1          1         
2130   1791     7        1053       0        124        1          2         
2131   2069     7        1053       0        131        1          1         
2132   1934     6        1053       0        160        1          23        
2133   1935     6        1053       0        171        1          6         
2134   3095     30       1053       0        185        1          9         
2135   2471     6        1053       0        341        1          127       
2136   403      5        1053       0        432        1          86        
2137   2709     9        1053       0        597        1          161       
--- strip break: IADT delta_t=1 (strip_t 1053 → 1054)
2138   3185     3        1054       0        0          1          -93       
2139   2276     14       1054       0        215        1          213       
2140   2212     12       1054       0        229        1          1         
2141   2298     15       1054       0        241        1          1         
2142   2151     10       1054       0        267        1          12        
2143   2425     15       1054       0        286        1          10        
--- strip break: IADT delta_t=1 (strip_t 1054 → 1055)
2144   206      7        1055       0        301        1          301       
2145   1830     8        1055       0        308        1          1         
2146   1936     6        1055       0        316        1          1         
2147   159      6        1055       0        323        1          2         
2148   2320     18       1055       0        354        1          26        
2149   1921     6        1055       0        373        1          2         
2150   215      7        1055       0        393        1          15        
2151   2112     8        1055       0        400        1          1         
2152   2098     8        1055       0        408        1          1         
2153   195      7        1055       0        438        1          23        
2154   2113     8        1055       0        473        1          29        
2155   1937     6        1055       0        511        1          31        
--- strip break: IADT delta_t=1 (strip_t 1055 → 1056)
2156   2691     8        1056       0        481        1          180       
2157   1094     8        1056       0        489        1          1         
2158   2213     12       1056       0        498        1          2         
2159   1803     5        1056       0        518        1          9         
2160   103      3        1056       0        524        1          2         
2161   231      7        1056       0        528        1          2         
2162   175      6        1056       0        536        1          2         
2163   2074     7        1056       0        552        1          11        
2164   2114     8        1056       0        559        1          1         
2165   1809     6        1056       0        583        1          17        
2166   2076     7        1056       0        590        1          2         
2167   1825     7        1056       0        606        1          10        
2168   1938     6        1056       0        614        1          2         
2169   1839     10       1056       0        621        1          2         
--- strip break: IADT delta_t=3 (strip_t 1056 → 1059)
2170   1792     7        1059       0        124        3          -357      
--- strip break: IADT delta_t=2 (strip_t 1059 → 1061)
2171   46       3        1061       0        543        2          419       
--- strip break: IADT delta_t=8 (strip_t 1061 → 1069)
2172   1        3        1069       0        82         8          -461      
2173   2594     6        1069       0        113        8          29        
2174   2644     7        1069       0        133        8          15        
2175   2645     7        1069       0        161        8          22        
2176   11       3        1069       0        170        8          3         
--- strip break: IADT delta_t=1 (strip_t 1069 → 1070)
2177   412      5        1070       0        127        1          45        
2178   2646     7        1070       0        204        1          73        
2179   2732     12       1070       0        240        1          30        
2180   9        3        1070       0        248        1          -3        
2181   1269     8        1070       0        259        1          9         
--- strip break: IADT delta_t=1 (strip_t 1070 → 1071)
2182   2494     11       1071       0        188        1          61        
2183   14       4        1071       0        390        1          192       
2184   10       3        1071       0        415        1          22        
2185   3067     20       1071       0        433        1          16        
2186   2882     7        1071       0        485        1          33        
2187   2942     9        1071       0        500        1          9         
2188   2848     6        1071       0        612        1          104       
--- strip break: IADT delta_t=1 (strip_t 1071 → 1072)
2189   1940     6        1072       0        75         1          -113      
2190   104      3        1072       0        82         1          2         
2191   232      7        1072       0        86         1          2         
2192   157      6        1072       0        94         1          2         
2193   233      7        1072       0        106        1          7         
2194   348      7        1072       0        141        1          29        
2195   2077     7        1072       0        153        1          6         
2196   2495     11       1072       0        345        1          186       
2197   2647     7        1072       0        582        1          227       
2198   2756     14       1072       0        590        1          2         
--- strip break: IADT delta_t=1 (strip_t 1072 → 1073)
2199   2581     5        1073       0        168        1          93        
2200   2245     13       1073       0        174        1          2         
2201   2078     7        1073       0        211        1          25        
2202   174      6        1073       0        218        1          1         
2203   2176     11       1073       0        229        1          6         
2204   2352     4        1073       0        410        1          171       
2205   2353     4        1073       0        420        1          7         
2206   403      5        1073       0        561        1          138       
--- strip break: IADT delta_t=1 (strip_t 1073 → 1074)
2207   1941     6        1074       0        253        1          85        
2208   2775     16       1074       0        272        1          14        
2209   90       8        1074       0        288        1          1         
2210   176      6        1074       0        296        1          1         
2211   177      6        1074       0        303        1          2         
2212   234      7        1074       0        310        1          2         
2213   2177     11       1074       0        318        1          2         
2214   2299     15       1074       0        330        1          2         
2215   235      7        1074       0        362        1          18        
2216   2277     14       1074       0        395        1          27        
2217   2079     7        1074       0        425        1          17        
--- strip break: IADT delta_t=1 (strip_t 1074 → 1075)
2218   1851     13       1075       0        369        1          116       
2219   62       4        1075       0        390        1          9         
2220   117      4        1075       0        415        1          22        
2221   2339     23       1075       0        453        1          35        
2222   2115     8        1075       0        476        1          1         
2223   2116     8        1075       0        509        1          26        
2224   2080     7        1075       0        517        1          1         
2225   2003     7        1075       0        524        1          1         
2226   1942     6        1075       0        539        1          9         
2227   1979     7        1075       0        546        1          2         
2228   2300     15       1075       0        567        1          15        
2229   1943     6        1075       0        618        1          37        
2230   1872     6        1075       0        625        1          2         
--- strip break: IADT delta_t=1 (strip_t 1075 → 1076)
2231   87       8        1076       0        553        1          184       
--- strip break: IADT delta_t=26 (strip_t 1076 → 1102)
2232   3187     6        1102       0        0          26         -553      
--- strip break: IADT delta_t=39 (strip_t 1102 → 1141)
2233   24       2        1141       0        3          39         3         

=== DECODE SIMULATION ===
Idx    ExpX       ExpY       DecS       DecT       AbsX       AbsY       Match?  
0      1          0          1          0          1          0          OK      
1      4          2          4          2          4          2          OK      
2      2          12         2          12         2          12         OK      
3      449        97         449        97         449        97         OK      
4      359        120        359        120        359        120        OK      
5      443        120        443        120        443        120        OK      
6      294        121        294        121        294        121        OK      
7      313        121        313        121        313        121        OK      
8      332        121        332        121        332        121        OK      
9      382        121        382        121        382        121        OK      
10     404        121        404        121        404        121        OK      
11     415        121        415        121        415        121        OK      
12     433        121        433        121        433        121        OK      
13     454        121        454        121        454        121        OK      
14     490        121        490        121        490        121        OK      
15     510        121        510        121        510        121        OK      
16     107        122        107        122        107        122        OK      
17     121        122        121        122        121        122        OK      
18     172        122        172        122        172        122        OK      
19     178        122        178        122        178        122        OK      
20     189        122        189        122        189        122        OK      
21     218        122        218        122        218        122        OK      
22     228        122        228        122        228        122        OK      
23     245        122        245        122        245        122        OK      
24     264        122        264        122        264        122        OK      
25     623        122        623        122        623        122        OK      
26     100        123        100        123        100        123        OK      
27     161        123        161        123        161        123        OK      
28     613        123        613        123        613        123        OK      
29     76         124        76         124        76         124        OK      
30     84         124        84         124        84         124        OK      
31     92         124        92         124        92         124        OK      
32     598        131        598        131        598        131        OK      
33     291        160        291        160        291        160        OK      
34     401        160        401        160        401        160        OK      
35     441        160        441        160        441        160        OK      
36     267        161        267        161        267        161        OK      
37     374        161        374        161        374        161        OK      
38     460        161        460        161        460        161        OK      
39     575        161        575        161        575        161        OK      
40     592        161        592        161        592        161        OK      
41     106        162        106        162        106        162        OK      
42     140        162        140        162        140        162        OK      
43     152        162        152        162        152        162        OK      
44     246        162        246        162        246        162        OK      
45     587        162        587        162        587        162        OK      
46     409        163        409        163        409        163        OK      
47     611        163        611        163        611        163        OK      
48     133        164        133        164        133        164        OK      
49     320        166        320        166        320        166        OK      
50     329        166        329        166        329        166        OK      
51     354        166        354        166        354        166        OK      
52     391        166        391        166        391        166        OK      
53     426        166        426        166        426        166        OK      
54     471        166        471        166        471        166        OK      
55     515        166        515        166        515        166        OK      
56     530        166        530        166        530        166        OK      
57     546        166        546        166        546        166        OK      
58     115        167        115        167        115        167        OK      
59     151        167        151        167        151        167        OK      
